diameter_um,D_m2_s,t_avg_50_min,t_center_50_min,t_avg_80_min,notes,provenance
70.0,6e-12,0.10395059582832274,0.4722644794897088,0.38633568506732185,D=6e-12 m2/s = Lee 2025 ambient 6e-12 × empirical_factor=1. Not a 150 C measurement. diameter=70 um; K=1; t_avg50=0.104 min. Dirichlet analytic sphere (Crank).,PUBLISHED_EXPERIMENTAL
100.0,6e-12,0.21214407311902603,0.9638050601830792,0.7884401736067793,D=6e-12 m2/s = Lee 2025 ambient 6e-12 × empirical_factor=1. Not a 150 C measurement. diameter=100 um; K=1; t_avg50=0.212 min. Dirichlet analytic sphere (Crank).,PUBLISHED_EXPERIMENTAL
150.0,6e-12,0.4773241645178085,2.168561385411928,1.7739903906152534,D=6e-12 m2/s = Lee 2025 ambient 6e-12 × empirical_factor=1. Not a 150 C measurement. diameter=150 um; K=1; t_avg50=0.477 min. Dirichlet analytic sphere (Crank).,PUBLISHED_EXPERIMENTAL
200.0,6e-12,0.8485762924761041,3.855220240732317,3.1537606944271173,D=6e-12 m2/s = Lee 2025 ambient 6e-12 × empirical_factor=1. Not a 150 C measurement. diameter=200 um; K=1; t_avg50=0.849 min. Dirichlet analytic sphere (Crank).,PUBLISHED_EXPERIMENTAL
270.0,6e-12,1.5465302930377,7.026138888734649,5.747728865593421,D=6e-12 m2/s = Lee 2025 ambient 6e-12 × empirical_factor=1. Not a 150 C measurement. diameter=270 um; K=1; t_avg50=1.55 min. Dirichlet analytic sphere (Crank).,PUBLISHED_EXPERIMENTAL
300.0,6e-12,1.909296658071234,8.674245541647712,7.095961562461014,D=6e-12 m2/s = Lee 2025 ambient 6e-12 × empirical_factor=1. Not a 150 C measurement. diameter=300 um; K=1; t_avg50=1.91 min. Dirichlet analytic sphere (Crank).,PUBLISHED_EXPERIMENTAL
400.0,6e-12,3.3943051699044164,15.420880962929267,12.615042777708469,D=6e-12 m2/s = Lee 2025 ambient 6e-12 × empirical_factor=1. Not a 150 C measurement. diameter=400 um; K=1; t_avg50=3.39 min. Dirichlet analytic sphere (Crank).,PUBLISHED_EXPERIMENTAL
500.0,6e-12,5.303601827975651,24.09512650457698,19.711004340169485,D=6e-12 m2/s = Lee 2025 ambient 6e-12 × empirical_factor=1. Not a 150 C measurement. diameter=500 um; K=1; t_avg50=5.3 min. Dirichlet analytic sphere (Crank).,PUBLISHED_EXPERIMENTAL
600.0,6e-12,7.637186632284936,34.69698216659085,28.383846249844055,D=6e-12 m2/s = Lee 2025 ambient 6e-12 × empirical_factor=1. Not a 150 C measurement. diameter=600 um; K=1; t_avg50=7.64 min. Dirichlet analytic sphere (Crank).,PUBLISHED_EXPERIMENTAL
