label,catalyst_family,overall,core_overall,mu_eff_cP,t_transform_min,t_gel_min,d_particle_um,d_particle_um_nominal,SF_mech,porosity,k_rel,k_rel_note,dT_max_K,coalescence_risk,coalescence_risk_note,status_viscosity,status_kinetics,status_diameter,status_mechanics,status_mechanics_moderate,status_mechanics_98C_analogue,status_mechanics_150C,status_permeability,status_thermal,status_agglomeration,geometric_connectivity,conductivity_under_closure,kinetics_flag,mechanics_unknown,reviewer_facing,notes
T40_phi0.08_I0.12,ru_phosphite,FAIL,FAIL,0.8156060913358567,331.02195125340404,183.9010840296689,273.0466868420546,270,1.414117942869614,0.92,0.851851851851852,relative to assumed k_open; not measured fracture conductivity,0.00018548531795659073,0.13759215791606608,ASSUMED_FOR_SENSITIVITY heuristic; not a hard agglomeration PASS,PASS,FAIL,PASS,PASS,PASS,MARGINAL,UNKNOWN,MARGINAL,PASS,MARGINAL,True,UNVALIDATED_UNDER_CLOSURE,inside_calibration_window_40_60C,False,"{'mu_eff_cP': 0.82, 'd_particle_um': 270, 'SF_mech': 1.4, 'k_rel': 0.85}","T=40 C, φ=0.08, cat=1.0, inh=0.12, latency_extra=1.0, family=ru_phosphite. UNKNOWN never upgraded. kinetics_flag=inside_calibration_window_40_60C. Agglomeration heuristic cannot PASS without validation. k_rel is not measured fracture conductivity."
T40_phi0.08_I0.22,ru_phosphite,FAIL,FAIL,0.8156060913358567,487.9720143476905,271.0955635264947,273.0466868420546,270,1.414117942869614,0.92,0.851851851851852,relative to assumed k_open; not measured fracture conductivity,0.00012582629756252572,0.13759215791606608,ASSUMED_FOR_SENSITIVITY heuristic; not a hard agglomeration PASS,PASS,FAIL,PASS,PASS,PASS,MARGINAL,UNKNOWN,MARGINAL,PASS,MARGINAL,True,UNVALIDATED_UNDER_CLOSURE,inside_calibration_window_40_60C,False,"{'mu_eff_cP': 0.82, 'd_particle_um': 270, 'SF_mech': 1.4, 'k_rel': 0.85}","T=40 C, φ=0.08, cat=1.0, inh=0.22, latency_extra=1.0, family=ru_phosphite. UNKNOWN never upgraded. kinetics_flag=inside_calibration_window_40_60C. Agglomeration heuristic cannot PASS without validation. k_rel is not measured fracture conductivity."
T40_phi0.08_I0.35,ru_phosphite,FAIL,FAIL,0.8156060913358567,692.0070963702627,384.4483868723682,273.0466868420546,270,1.414117942869614,0.92,0.851851851851852,relative to assumed k_open; not measured fracture conductivity,8.872699748962987e-05,0.13759215791606608,ASSUMED_FOR_SENSITIVITY heuristic; not a hard agglomeration PASS,PASS,FAIL,PASS,PASS,PASS,MARGINAL,UNKNOWN,MARGINAL,PASS,MARGINAL,True,UNVALIDATED_UNDER_CLOSURE,inside_calibration_window_40_60C,False,"{'mu_eff_cP': 0.82, 'd_particle_um': 270, 'SF_mech': 1.4, 'k_rel': 0.85}","T=40 C, φ=0.08, cat=1.0, inh=0.35, latency_extra=1.0, family=ru_phosphite. UNKNOWN never upgraded. kinetics_flag=inside_calibration_window_40_60C. Agglomeration heuristic cannot PASS without validation. k_rel is not measured fracture conductivity."
T40_phi0.12_I0.12,ru_phosphite,FAIL,FAIL,0.8651238006060021,331.02195125340404,183.9010840296689,273.0466868420546,270,1.414117942869614,0.88,0.7857142857142857,relative to assumed k_open; not measured fracture conductivity,0.00018548531795659073,0.2063882368740991,ASSUMED_FOR_SENSITIVITY heuristic; not a hard agglomeration PASS,PASS,FAIL,PASS,PASS,PASS,MARGINAL,UNKNOWN,MARGINAL,PASS,MARGINAL,True,UNVALIDATED_UNDER_CLOSURE,inside_calibration_window_40_60C,False,"{'mu_eff_cP': 0.87, 'd_particle_um': 270, 'SF_mech': 1.4, 'k_rel': 0.79}","T=40 C, φ=0.12, cat=1.0, inh=0.12, latency_extra=1.0, family=ru_phosphite. UNKNOWN never upgraded. kinetics_flag=inside_calibration_window_40_60C. Agglomeration heuristic cannot PASS without validation. k_rel is not measured fracture conductivity."
T40_phi0.12_I0.22,ru_phosphite,FAIL,FAIL,0.8651238006060021,487.9720143476905,271.0955635264947,273.0466868420546,270,1.414117942869614,0.88,0.7857142857142857,relative to assumed k_open; not measured fracture conductivity,0.00012582629756252572,0.2063882368740991,ASSUMED_FOR_SENSITIVITY heuristic; not a hard agglomeration PASS,PASS,FAIL,PASS,PASS,PASS,MARGINAL,UNKNOWN,MARGINAL,PASS,MARGINAL,True,UNVALIDATED_UNDER_CLOSURE,inside_calibration_window_40_60C,False,"{'mu_eff_cP': 0.87, 'd_particle_um': 270, 'SF_mech': 1.4, 'k_rel': 0.79}","T=40 C, φ=0.12, cat=1.0, inh=0.22, latency_extra=1.0, family=ru_phosphite. UNKNOWN never upgraded. kinetics_flag=inside_calibration_window_40_60C. Agglomeration heuristic cannot PASS without validation. k_rel is not measured fracture conductivity."
T40_phi0.12_I0.35,ru_phosphite,FAIL,FAIL,0.8651238006060021,692.0070963702627,384.4483868723682,273.0466868420546,270,1.414117942869614,0.88,0.7857142857142857,relative to assumed k_open; not measured fracture conductivity,8.872699748962987e-05,0.2063882368740991,ASSUMED_FOR_SENSITIVITY heuristic; not a hard agglomeration PASS,PASS,FAIL,PASS,PASS,PASS,MARGINAL,UNKNOWN,MARGINAL,PASS,MARGINAL,True,UNVALIDATED_UNDER_CLOSURE,inside_calibration_window_40_60C,False,"{'mu_eff_cP': 0.87, 'd_particle_um': 270, 'SF_mech': 1.4, 'k_rel': 0.79}","T=40 C, φ=0.12, cat=1.0, inh=0.35, latency_extra=1.0, family=ru_phosphite. UNKNOWN never upgraded. kinetics_flag=inside_calibration_window_40_60C. Agglomeration heuristic cannot PASS without validation. k_rel is not measured fracture conductivity."
T40_phi0.15_I0.12,ru_phosphite,FAIL,FAIL,0.9022620825586111,331.02195125340404,183.9010840296689,273.0466868420546,270,1.414117942869614,0.85,0.7391304347826088,relative to assumed k_open; not measured fracture conductivity,0.00018548531795659073,0.2579852960926239,ASSUMED_FOR_SENSITIVITY heuristic; not a hard agglomeration PASS,PASS,FAIL,PASS,PASS,PASS,MARGINAL,UNKNOWN,MARGINAL,PASS,MARGINAL,True,UNVALIDATED_UNDER_CLOSURE,inside_calibration_window_40_60C,False,"{'mu_eff_cP': 0.9, 'd_particle_um': 270, 'SF_mech': 1.4, 'k_rel': 0.74}","T=40 C, φ=0.15, cat=1.0, inh=0.12, latency_extra=1.0, family=ru_phosphite. UNKNOWN never upgraded. kinetics_flag=inside_calibration_window_40_60C. Agglomeration heuristic cannot PASS without validation. k_rel is not measured fracture conductivity."
T40_phi0.15_I0.22,ru_phosphite,FAIL,FAIL,0.9022620825586111,487.9720143476905,271.0955635264947,273.0466868420546,270,1.414117942869614,0.85,0.7391304347826088,relative to assumed k_open; not measured fracture conductivity,0.00012582629756252572,0.2579852960926239,ASSUMED_FOR_SENSITIVITY heuristic; not a hard agglomeration PASS,PASS,FAIL,PASS,PASS,PASS,MARGINAL,UNKNOWN,MARGINAL,PASS,MARGINAL,True,UNVALIDATED_UNDER_CLOSURE,inside_calibration_window_40_60C,False,"{'mu_eff_cP': 0.9, 'd_particle_um': 270, 'SF_mech': 1.4, 'k_rel': 0.74}","T=40 C, φ=0.15, cat=1.0, inh=0.22, latency_extra=1.0, family=ru_phosphite. UNKNOWN never upgraded. kinetics_flag=inside_calibration_window_40_60C. Agglomeration heuristic cannot PASS without validation. k_rel is not measured fracture conductivity."
T40_phi0.15_I0.35,ru_phosphite,FAIL,FAIL,0.9022620825586111,692.0070963702627,384.4483868723682,273.0466868420546,270,1.414117942869614,0.85,0.7391304347826088,relative to assumed k_open; not measured fracture conductivity,8.872699748962987e-05,0.2579852960926239,ASSUMED_FOR_SENSITIVITY heuristic; not a hard agglomeration PASS,PASS,FAIL,PASS,PASS,PASS,MARGINAL,UNKNOWN,MARGINAL,PASS,MARGINAL,True,UNVALIDATED_UNDER_CLOSURE,inside_calibration_window_40_60C,False,"{'mu_eff_cP': 0.9, 'd_particle_um': 270, 'SF_mech': 1.4, 'k_rel': 0.74}","T=40 C, φ=0.15, cat=1.0, inh=0.35, latency_extra=1.0, family=ru_phosphite. UNKNOWN never upgraded. kinetics_flag=inside_calibration_window_40_60C. Agglomeration heuristic cannot PASS without validation. k_rel is not measured fracture conductivity."
T40_phi0.22_I0.12,ru_phosphite,FAIL,FAIL,0.9671402399531408,331.02195125340404,183.9010840296689,273.0466868420546,270,1.414117942869614,0.78,0.639344262295082,relative to assumed k_open; not measured fracture conductivity,0.00018548531795659073,0.3783784342691817,ASSUMED_FOR_SENSITIVITY heuristic; not a hard agglomeration PASS,PASS,FAIL,PASS,PASS,PASS,MARGINAL,UNKNOWN,MARGINAL,PASS,MARGINAL,True,UNVALIDATED_UNDER_CLOSURE,inside_calibration_window_40_60C,False,"{'mu_eff_cP': 0.97, 'd_particle_um': 270, 'SF_mech': 1.4, 'k_rel': 0.64}","T=40 C, φ=0.22, cat=1.0, inh=0.12, latency_extra=1.0, family=ru_phosphite. UNKNOWN never upgraded. kinetics_flag=inside_calibration_window_40_60C. Agglomeration heuristic cannot PASS without validation. k_rel is not measured fracture conductivity."
T40_phi0.22_I0.22,ru_phosphite,FAIL,FAIL,0.9671402399531408,487.9720143476905,271.0955635264947,273.0466868420546,270,1.414117942869614,0.78,0.639344262295082,relative to assumed k_open; not measured fracture conductivity,0.00012582629756252572,0.3783784342691817,ASSUMED_FOR_SENSITIVITY heuristic; not a hard agglomeration PASS,PASS,FAIL,PASS,PASS,PASS,MARGINAL,UNKNOWN,MARGINAL,PASS,MARGINAL,True,UNVALIDATED_UNDER_CLOSURE,inside_calibration_window_40_60C,False,"{'mu_eff_cP': 0.97, 'd_particle_um': 270, 'SF_mech': 1.4, 'k_rel': 0.64}","T=40 C, φ=0.22, cat=1.0, inh=0.22, latency_extra=1.0, family=ru_phosphite. UNKNOWN never upgraded. kinetics_flag=inside_calibration_window_40_60C. Agglomeration heuristic cannot PASS without validation. k_rel is not measured fracture conductivity."
T40_phi0.22_I0.35,ru_phosphite,FAIL,FAIL,0.9671402399531408,692.0070963702627,384.4483868723682,273.0466868420546,270,1.414117942869614,0.78,0.639344262295082,relative to assumed k_open; not measured fracture conductivity,8.872699748962987e-05,0.3783784342691817,ASSUMED_FOR_SENSITIVITY heuristic; not a hard agglomeration PASS,PASS,FAIL,PASS,PASS,PASS,MARGINAL,UNKNOWN,MARGINAL,PASS,MARGINAL,True,UNVALIDATED_UNDER_CLOSURE,inside_calibration_window_40_60C,False,"{'mu_eff_cP': 0.97, 'd_particle_um': 270, 'SF_mech': 1.4, 'k_rel': 0.64}","T=40 C, φ=0.22, cat=1.0, inh=0.35, latency_extra=1.0, family=ru_phosphite. UNKNOWN never upgraded. kinetics_flag=inside_calibration_window_40_60C. Agglomeration heuristic cannot PASS without validation. k_rel is not measured fracture conductivity."
T40_phi0.3_I0.12,ru_phosphite,FAIL,FAIL,1.1046532280763253,331.02195125340404,183.9010840296689,273.0466868420546,270,1.414117942869614,0.7,0.5384615384615384,relative to assumed k_open; not measured fracture conductivity,0.00018548531795659073,0.5159705921852478,ASSUMED_FOR_SENSITIVITY heuristic; not a hard agglomeration PASS,PASS,FAIL,PASS,PASS,PASS,MARGINAL,UNKNOWN,MARGINAL,PASS,MARGINAL,True,UNVALIDATED_UNDER_CLOSURE,inside_calibration_window_40_60C,False,"{'mu_eff_cP': 1.1, 'd_particle_um': 270, 'SF_mech': 1.4, 'k_rel': 0.54}","T=40 C, φ=0.3, cat=1.0, inh=0.12, latency_extra=1.0, family=ru_phosphite. UNKNOWN never upgraded. kinetics_flag=inside_calibration_window_40_60C. Agglomeration heuristic cannot PASS without validation. k_rel is not measured fracture conductivity."
T40_phi0.3_I0.22,ru_phosphite,FAIL,FAIL,1.1046532280763253,487.9720143476905,271.0955635264947,273.0466868420546,270,1.414117942869614,0.7,0.5384615384615384,relative to assumed k_open; not measured fracture conductivity,0.00012582629756252572,0.5159705921852478,ASSUMED_FOR_SENSITIVITY heuristic; not a hard agglomeration PASS,PASS,FAIL,PASS,PASS,PASS,MARGINAL,UNKNOWN,MARGINAL,PASS,MARGINAL,True,UNVALIDATED_UNDER_CLOSURE,inside_calibration_window_40_60C,False,"{'mu_eff_cP': 1.1, 'd_particle_um': 270, 'SF_mech': 1.4, 'k_rel': 0.54}","T=40 C, φ=0.3, cat=1.0, inh=0.22, latency_extra=1.0, family=ru_phosphite. UNKNOWN never upgraded. kinetics_flag=inside_calibration_window_40_60C. Agglomeration heuristic cannot PASS without validation. k_rel is not measured fracture conductivity."
T40_phi0.3_I0.35,ru_phosphite,FAIL,FAIL,1.1046532280763253,692.0070963702627,384.4483868723682,273.0466868420546,270,1.414117942869614,0.7,0.5384615384615384,relative to assumed k_open; not measured fracture conductivity,8.872699748962987e-05,0.5159705921852478,ASSUMED_FOR_SENSITIVITY heuristic; not a hard agglomeration PASS,PASS,FAIL,PASS,PASS,PASS,MARGINAL,UNKNOWN,MARGINAL,PASS,MARGINAL,True,UNVALIDATED_UNDER_CLOSURE,inside_calibration_window_40_60C,False,"{'mu_eff_cP': 1.1, 'd_particle_um': 270, 'SF_mech': 1.4, 'k_rel': 0.54}","T=40 C, φ=0.3, cat=1.0, inh=0.35, latency_extra=1.0, family=ru_phosphite. UNKNOWN never upgraded. kinetics_flag=inside_calibration_window_40_60C. Agglomeration heuristic cannot PASS without validation. k_rel is not measured fracture conductivity."
T50_phi0.08_I0.12,ru_phosphite,FAIL,FAIL,0.6813331805371127,128.9832273519281,71.65734852884893,273.0466868420546,270,1.414117942869614,0.92,0.851851851851852,relative to assumed k_open; not measured fracture conductivity,0.00047602865231510805,0.14084011110205827,ASSUMED_FOR_SENSITIVITY heuristic; not a hard agglomeration PASS,PASS,FAIL,PASS,PASS,PASS,MARGINAL,UNKNOWN,MARGINAL,PASS,MARGINAL,True,UNVALIDATED_UNDER_CLOSURE,inside_calibration_window_40_60C,False,"{'mu_eff_cP': 0.68, 'd_particle_um': 270, 'SF_mech': 1.4, 'k_rel': 0.85}","T=50 C, φ=0.08, cat=1.0, inh=0.12, latency_extra=1.0, family=ru_phosphite. UNKNOWN never upgraded. kinetics_flag=inside_calibration_window_40_60C. Agglomeration heuristic cannot PASS without validation. k_rel is not measured fracture conductivity."
T50_phi0.08_I0.22,ru_phosphite,FAIL,FAIL,0.6813331805371127,190.1390679067216,105.63281550373422,273.0466868420546,270,1.414117942869614,0.92,0.851851851851852,relative to assumed k_open; not measured fracture conductivity,0.00032292002146050436,0.14084011110205827,ASSUMED_FOR_SENSITIVITY heuristic; not a hard agglomeration PASS,PASS,FAIL,PASS,PASS,PASS,MARGINAL,UNKNOWN,MARGINAL,PASS,MARGINAL,True,UNVALIDATED_UNDER_CLOSURE,inside_calibration_window_40_60C,False,"{'mu_eff_cP': 0.68, 'd_particle_um': 270, 'SF_mech': 1.4, 'k_rel': 0.85}","T=50 C, φ=0.08, cat=1.0, inh=0.22, latency_extra=1.0, family=ru_phosphite. UNKNOWN never upgraded. kinetics_flag=inside_calibration_window_40_60C. Agglomeration heuristic cannot PASS without validation. k_rel is not measured fracture conductivity."
T50_phi0.08_I0.35,ru_phosphite,FAIL,FAIL,0.6813331805371127,269.6416606279531,149.80092257108507,273.0466868420546,270,1.414117942869614,0.92,0.851851851851852,relative to assumed k_open; not measured fracture conductivity,0.0002277085512218946,0.14084011110205827,ASSUMED_FOR_SENSITIVITY heuristic; not a hard agglomeration PASS,PASS,FAIL,PASS,PASS,PASS,MARGINAL,UNKNOWN,MARGINAL,PASS,MARGINAL,True,UNVALIDATED_UNDER_CLOSURE,inside_calibration_window_40_60C,False,"{'mu_eff_cP': 0.68, 'd_particle_um': 270, 'SF_mech': 1.4, 'k_rel': 0.85}","T=50 C, φ=0.08, cat=1.0, inh=0.35, latency_extra=1.0, family=ru_phosphite. UNKNOWN never upgraded. kinetics_flag=inside_calibration_window_40_60C. Agglomeration heuristic cannot PASS without validation. k_rel is not measured fracture conductivity."
T50_phi0.12_I0.12,ru_phosphite,FAIL,FAIL,0.7227117679374594,128.9832273519281,71.65734852884893,273.0466868420546,270,1.414117942869614,0.88,0.7857142857142857,relative to assumed k_open; not measured fracture conductivity,0.00047602865231510805,0.2112601666530874,ASSUMED_FOR_SENSITIVITY heuristic; not a hard agglomeration PASS,PASS,FAIL,PASS,PASS,PASS,MARGINAL,UNKNOWN,MARGINAL,PASS,MARGINAL,True,UNVALIDATED_UNDER_CLOSURE,inside_calibration_window_40_60C,False,"{'mu_eff_cP': 0.72, 'd_particle_um': 270, 'SF_mech': 1.4, 'k_rel': 0.79}","T=50 C, φ=0.12, cat=1.0, inh=0.12, latency_extra=1.0, family=ru_phosphite. UNKNOWN never upgraded. kinetics_flag=inside_calibration_window_40_60C. Agglomeration heuristic cannot PASS without validation. k_rel is not measured fracture conductivity."
T50_phi0.12_I0.22,ru_phosphite,FAIL,FAIL,0.7227117679374594,190.1390679067216,105.63281550373422,273.0466868420546,270,1.414117942869614,0.88,0.7857142857142857,relative to assumed k_open; not measured fracture conductivity,0.00032292002146050436,0.2112601666530874,ASSUMED_FOR_SENSITIVITY heuristic; not a hard agglomeration PASS,PASS,FAIL,PASS,PASS,PASS,MARGINAL,UNKNOWN,MARGINAL,PASS,MARGINAL,True,UNVALIDATED_UNDER_CLOSURE,inside_calibration_window_40_60C,False,"{'mu_eff_cP': 0.72, 'd_particle_um': 270, 'SF_mech': 1.4, 'k_rel': 0.79}","T=50 C, φ=0.12, cat=1.0, inh=0.22, latency_extra=1.0, family=ru_phosphite. UNKNOWN never upgraded. kinetics_flag=inside_calibration_window_40_60C. Agglomeration heuristic cannot PASS without validation. k_rel is not measured fracture conductivity."
T50_phi0.12_I0.35,ru_phosphite,FAIL,FAIL,0.7227117679374594,269.6416606279531,149.80092257108507,273.0466868420546,270,1.414117942869614,0.88,0.7857142857142857,relative to assumed k_open; not measured fracture conductivity,0.0002277085512218946,0.2112601666530874,ASSUMED_FOR_SENSITIVITY heuristic; not a hard agglomeration PASS,PASS,FAIL,PASS,PASS,PASS,MARGINAL,UNKNOWN,MARGINAL,PASS,MARGINAL,True,UNVALIDATED_UNDER_CLOSURE,inside_calibration_window_40_60C,False,"{'mu_eff_cP': 0.72, 'd_particle_um': 270, 'SF_mech': 1.4, 'k_rel': 0.79}","T=50 C, φ=0.12, cat=1.0, inh=0.35, latency_extra=1.0, family=ru_phosphite. UNKNOWN never upgraded. kinetics_flag=inside_calibration_window_40_60C. Agglomeration heuristic cannot PASS without validation. k_rel is not measured fracture conductivity."
T50_phi0.15_I0.12,ru_phosphite,FAIL,FAIL,0.7537457084877193,128.9832273519281,71.65734852884893,273.0466868420546,270,1.414117942869614,0.85,0.7391304347826088,relative to assumed k_open; not measured fracture conductivity,0.00047602865231510805,0.2640752083163592,ASSUMED_FOR_SENSITIVITY heuristic; not a hard agglomeration PASS,PASS,FAIL,PASS,PASS,PASS,MARGINAL,UNKNOWN,MARGINAL,PASS,MARGINAL,True,UNVALIDATED_UNDER_CLOSURE,inside_calibration_window_40_60C,False,"{'mu_eff_cP': 0.75, 'd_particle_um': 270, 'SF_mech': 1.4, 'k_rel': 0.74}","T=50 C, φ=0.15, cat=1.0, inh=0.12, latency_extra=1.0, family=ru_phosphite. UNKNOWN never upgraded. kinetics_flag=inside_calibration_window_40_60C. Agglomeration heuristic cannot PASS without validation. k_rel is not measured fracture conductivity."
T50_phi0.15_I0.22,ru_phosphite,FAIL,FAIL,0.7537457084877193,190.1390679067216,105.63281550373422,273.0466868420546,270,1.414117942869614,0.85,0.7391304347826088,relative to assumed k_open; not measured fracture conductivity,0.00032292002146050436,0.2640752083163592,ASSUMED_FOR_SENSITIVITY heuristic; not a hard agglomeration PASS,PASS,FAIL,PASS,PASS,PASS,MARGINAL,UNKNOWN,MARGINAL,PASS,MARGINAL,True,UNVALIDATED_UNDER_CLOSURE,inside_calibration_window_40_60C,False,"{'mu_eff_cP': 0.75, 'd_particle_um': 270, 'SF_mech': 1.4, 'k_rel': 0.74}","T=50 C, φ=0.15, cat=1.0, inh=0.22, latency_extra=1.0, family=ru_phosphite. UNKNOWN never upgraded. kinetics_flag=inside_calibration_window_40_60C. Agglomeration heuristic cannot PASS without validation. k_rel is not measured fracture conductivity."
T50_phi0.15_I0.35,ru_phosphite,FAIL,FAIL,0.7537457084877193,269.6416606279531,149.80092257108507,273.0466868420546,270,1.414117942869614,0.85,0.7391304347826088,relative to assumed k_open; not measured fracture conductivity,0.0002277085512218946,0.2640752083163592,ASSUMED_FOR_SENSITIVITY heuristic; not a hard agglomeration PASS,PASS,FAIL,PASS,PASS,PASS,MARGINAL,UNKNOWN,MARGINAL,PASS,MARGINAL,True,UNVALIDATED_UNDER_CLOSURE,inside_calibration_window_40_60C,False,"{'mu_eff_cP': 0.75, 'd_particle_um': 270, 'SF_mech': 1.4, 'k_rel': 0.74}","T=50 C, φ=0.15, cat=1.0, inh=0.35, latency_extra=1.0, family=ru_phosphite. UNKNOWN never upgraded. kinetics_flag=inside_calibration_window_40_60C. Agglomeration heuristic cannot PASS without validation. k_rel is not measured fracture conductivity."
T50_phi0.22_I0.12,ru_phosphite,FAIL,FAIL,0.8080710291885076,128.9832273519281,71.65734852884893,273.0466868420546,270,1.414117942869614,0.78,0.639344262295082,relative to assumed k_open; not measured fracture conductivity,0.00047602865231510805,0.38731030553066026,ASSUMED_FOR_SENSITIVITY heuristic; not a hard agglomeration PASS,PASS,FAIL,PASS,PASS,PASS,MARGINAL,UNKNOWN,MARGINAL,PASS,MARGINAL,True,UNVALIDATED_UNDER_CLOSURE,inside_calibration_window_40_60C,False,"{'mu_eff_cP': 0.81, 'd_particle_um': 270, 'SF_mech': 1.4, 'k_rel': 0.64}","T=50 C, φ=0.22, cat=1.0, inh=0.12, latency_extra=1.0, family=ru_phosphite. UNKNOWN never upgraded. kinetics_flag=inside_calibration_window_40_60C. Agglomeration heuristic cannot PASS without validation. k_rel is not measured fracture conductivity."
T50_phi0.22_I0.22,ru_phosphite,FAIL,FAIL,0.8080710291885076,190.1390679067216,105.63281550373422,273.0466868420546,270,1.414117942869614,0.78,0.639344262295082,relative to assumed k_open; not measured fracture conductivity,0.00032292002146050436,0.38731030553066026,ASSUMED_FOR_SENSITIVITY heuristic; not a hard agglomeration PASS,PASS,FAIL,PASS,PASS,PASS,MARGINAL,UNKNOWN,MARGINAL,PASS,MARGINAL,True,UNVALIDATED_UNDER_CLOSURE,inside_calibration_window_40_60C,False,"{'mu_eff_cP': 0.81, 'd_particle_um': 270, 'SF_mech': 1.4, 'k_rel': 0.64}","T=50 C, φ=0.22, cat=1.0, inh=0.22, latency_extra=1.0, family=ru_phosphite. UNKNOWN never upgraded. kinetics_flag=inside_calibration_window_40_60C. Agglomeration heuristic cannot PASS without validation. k_rel is not measured fracture conductivity."
T50_phi0.22_I0.35,ru_phosphite,FAIL,FAIL,0.8080710291885076,269.6416606279531,149.80092257108507,273.0466868420546,270,1.414117942869614,0.78,0.639344262295082,relative to assumed k_open; not measured fracture conductivity,0.0002277085512218946,0.38731030553066026,ASSUMED_FOR_SENSITIVITY heuristic; not a hard agglomeration PASS,PASS,FAIL,PASS,PASS,PASS,MARGINAL,UNKNOWN,MARGINAL,PASS,MARGINAL,True,UNVALIDATED_UNDER_CLOSURE,inside_calibration_window_40_60C,False,"{'mu_eff_cP': 0.81, 'd_particle_um': 270, 'SF_mech': 1.4, 'k_rel': 0.64}","T=50 C, φ=0.22, cat=1.0, inh=0.35, latency_extra=1.0, family=ru_phosphite. UNKNOWN never upgraded. kinetics_flag=inside_calibration_window_40_60C. Agglomeration heuristic cannot PASS without validation. k_rel is not measured fracture conductivity."
T50_phi0.3_I0.12,ru_phosphite,FAIL,FAIL,0.9230715078624262,128.9832273519281,71.65734852884893,273.0466868420546,270,1.414117942869614,0.7,0.5384615384615384,relative to assumed k_open; not measured fracture conductivity,0.00047602865231510805,0.5281504166327184,ASSUMED_FOR_SENSITIVITY heuristic; not a hard agglomeration PASS,PASS,FAIL,PASS,PASS,PASS,MARGINAL,UNKNOWN,MARGINAL,PASS,MARGINAL,True,UNVALIDATED_UNDER_CLOSURE,inside_calibration_window_40_60C,False,"{'mu_eff_cP': 0.92, 'd_particle_um': 270, 'SF_mech': 1.4, 'k_rel': 0.54}","T=50 C, φ=0.3, cat=1.0, inh=0.12, latency_extra=1.0, family=ru_phosphite. UNKNOWN never upgraded. kinetics_flag=inside_calibration_window_40_60C. Agglomeration heuristic cannot PASS without validation. k_rel is not measured fracture conductivity."
T50_phi0.3_I0.22,ru_phosphite,FAIL,FAIL,0.9230715078624262,190.1390679067216,105.63281550373422,273.0466868420546,270,1.414117942869614,0.7,0.5384615384615384,relative to assumed k_open; not measured fracture conductivity,0.00032292002146050436,0.5281504166327184,ASSUMED_FOR_SENSITIVITY heuristic; not a hard agglomeration PASS,PASS,FAIL,PASS,PASS,PASS,MARGINAL,UNKNOWN,MARGINAL,PASS,MARGINAL,True,UNVALIDATED_UNDER_CLOSURE,inside_calibration_window_40_60C,False,"{'mu_eff_cP': 0.92, 'd_particle_um': 270, 'SF_mech': 1.4, 'k_rel': 0.54}","T=50 C, φ=0.3, cat=1.0, inh=0.22, latency_extra=1.0, family=ru_phosphite. UNKNOWN never upgraded. kinetics_flag=inside_calibration_window_40_60C. Agglomeration heuristic cannot PASS without validation. k_rel is not measured fracture conductivity."
T50_phi0.3_I0.35,ru_phosphite,FAIL,FAIL,0.9230715078624262,269.6416606279531,149.80092257108507,273.0466868420546,270,1.414117942869614,0.7,0.5384615384615384,relative to assumed k_open; not measured fracture conductivity,0.0002277085512218946,0.5281504166327184,ASSUMED_FOR_SENSITIVITY heuristic; not a hard agglomeration PASS,PASS,FAIL,PASS,PASS,PASS,MARGINAL,UNKNOWN,MARGINAL,PASS,MARGINAL,True,UNVALIDATED_UNDER_CLOSURE,inside_calibration_window_40_60C,False,"{'mu_eff_cP': 0.92, 'd_particle_um': 270, 'SF_mech': 1.4, 'k_rel': 0.54}","T=50 C, φ=0.3, cat=1.0, inh=0.35, latency_extra=1.0, family=ru_phosphite. UNKNOWN never upgraded. kinetics_flag=inside_calibration_window_40_60C. Agglomeration heuristic cannot PASS without validation. k_rel is not measured fracture conductivity."
T60_phi0.08_I0.12,ru_phosphite,MARGINAL,PASS,0.5797477129954276,53.18419779183484,29.546776551019356,273.0466868420546,270,1.414117942869614,0.92,0.851851851851852,relative to assumed k_open; not measured fracture conductivity,0.0011544728403691806,0.14339797674570112,ASSUMED_FOR_SENSITIVITY heuristic; not a hard agglomeration PASS,PASS,PASS,PASS,PASS,PASS,MARGINAL,UNKNOWN,MARGINAL,PASS,MARGINAL,True,UNVALIDATED_UNDER_CLOSURE,inside_calibration_window_40_60C,False,"{'mu_eff_cP': 0.58, 'd_particle_um': 270, 'SF_mech': 1.4, 'k_rel': 0.85}","T=60 C, φ=0.08, cat=1.0, inh=0.12, latency_extra=1.0, family=ru_phosphite. UNKNOWN never upgraded. kinetics_flag=inside_calibration_window_40_60C. Agglomeration heuristic cannot PASS without validation. k_rel is not measured fracture conductivity."
T60_phi0.08_I0.22,ru_phosphite,MARGINAL,MARGINAL,0.5797477129954276,78.40084329658413,43.55602405365785,273.0466868420546,270,1.414117942869614,0.92,0.851851851851852,relative to assumed k_open; not measured fracture conductivity,0.0007831511665585822,0.14339797674570112,ASSUMED_FOR_SENSITIVITY heuristic; not a hard agglomeration PASS,PASS,MARGINAL,PASS,PASS,PASS,MARGINAL,UNKNOWN,MARGINAL,PASS,MARGINAL,True,UNVALIDATED_UNDER_CLOSURE,inside_calibration_window_40_60C,False,"{'mu_eff_cP': 0.58, 'd_particle_um': 270, 'SF_mech': 1.4, 'k_rel': 0.85}","T=60 C, φ=0.08, cat=1.0, inh=0.22, latency_extra=1.0, family=ru_phosphite. UNKNOWN never upgraded. kinetics_flag=inside_calibration_window_40_60C. Agglomeration heuristic cannot PASS without validation. k_rel is not measured fracture conductivity."
T60_phi0.08_I0.35,ru_phosphite,FAIL,FAIL,0.5797477129954276,111.18248245275818,61.76804580708788,273.0466868420546,270,1.414117942869614,0.92,0.851851851851852,relative to assumed k_open; not measured fracture conductivity,0.0005522426782818002,0.14339797674570112,ASSUMED_FOR_SENSITIVITY heuristic; not a hard agglomeration PASS,PASS,FAIL,PASS,PASS,PASS,MARGINAL,UNKNOWN,MARGINAL,PASS,MARGINAL,True,UNVALIDATED_UNDER_CLOSURE,inside_calibration_window_40_60C,False,"{'mu_eff_cP': 0.58, 'd_particle_um': 270, 'SF_mech': 1.4, 'k_rel': 0.85}","T=60 C, φ=0.08, cat=1.0, inh=0.35, latency_extra=1.0, family=ru_phosphite. UNKNOWN never upgraded. kinetics_flag=inside_calibration_window_40_60C. Agglomeration heuristic cannot PASS without validation. k_rel is not measured fracture conductivity."
T60_phi0.12_I0.12,ru_phosphite,MARGINAL,PASS,0.6149146901608811,53.18419779183484,29.546776551019356,273.0466868420546,270,1.414117942869614,0.88,0.7857142857142857,relative to assumed k_open; not measured fracture conductivity,0.0011544728403691806,0.21509696511855164,ASSUMED_FOR_SENSITIVITY heuristic; not a hard agglomeration PASS,PASS,PASS,PASS,PASS,PASS,MARGINAL,UNKNOWN,MARGINAL,PASS,MARGINAL,True,UNVALIDATED_UNDER_CLOSURE,inside_calibration_window_40_60C,False,"{'mu_eff_cP': 0.61, 'd_particle_um': 270, 'SF_mech': 1.4, 'k_rel': 0.79}","T=60 C, φ=0.12, cat=1.0, inh=0.12, latency_extra=1.0, family=ru_phosphite. UNKNOWN never upgraded. kinetics_flag=inside_calibration_window_40_60C. Agglomeration heuristic cannot PASS without validation. k_rel is not measured fracture conductivity."
T60_phi0.12_I0.22,ru_phosphite,MARGINAL,MARGINAL,0.6149146901608811,78.40084329658413,43.55602405365785,273.0466868420546,270,1.414117942869614,0.88,0.7857142857142857,relative to assumed k_open; not measured fracture conductivity,0.0007831511665585822,0.21509696511855164,ASSUMED_FOR_SENSITIVITY heuristic; not a hard agglomeration PASS,PASS,MARGINAL,PASS,PASS,PASS,MARGINAL,UNKNOWN,MARGINAL,PASS,MARGINAL,True,UNVALIDATED_UNDER_CLOSURE,inside_calibration_window_40_60C,False,"{'mu_eff_cP': 0.61, 'd_particle_um': 270, 'SF_mech': 1.4, 'k_rel': 0.79}","T=60 C, φ=0.12, cat=1.0, inh=0.22, latency_extra=1.0, family=ru_phosphite. UNKNOWN never upgraded. kinetics_flag=inside_calibration_window_40_60C. Agglomeration heuristic cannot PASS without validation. k_rel is not measured fracture conductivity."
T60_phi0.12_I0.35,ru_phosphite,FAIL,FAIL,0.6149146901608811,111.18248245275818,61.76804580708788,273.0466868420546,270,1.414117942869614,0.88,0.7857142857142857,relative to assumed k_open; not measured fracture conductivity,0.0005522426782818002,0.21509696511855164,ASSUMED_FOR_SENSITIVITY heuristic; not a hard agglomeration PASS,PASS,FAIL,PASS,PASS,PASS,MARGINAL,UNKNOWN,MARGINAL,PASS,MARGINAL,True,UNVALIDATED_UNDER_CLOSURE,inside_calibration_window_40_60C,False,"{'mu_eff_cP': 0.61, 'd_particle_um': 270, 'SF_mech': 1.4, 'k_rel': 0.79}","T=60 C, φ=0.12, cat=1.0, inh=0.35, latency_extra=1.0, family=ru_phosphite. UNKNOWN never upgraded. kinetics_flag=inside_calibration_window_40_60C. Agglomeration heuristic cannot PASS without validation. k_rel is not measured fracture conductivity."
T60_phi0.15_I0.12,ru_phosphite,MARGINAL,PASS,0.6412899230349711,53.18419779183484,29.546776551019356,273.0466868420546,270,1.414117942869614,0.85,0.7391304347826088,relative to assumed k_open; not measured fracture conductivity,0.0011544728403691806,0.26887120639818957,ASSUMED_FOR_SENSITIVITY heuristic; not a hard agglomeration PASS,PASS,PASS,PASS,PASS,PASS,MARGINAL,UNKNOWN,MARGINAL,PASS,MARGINAL,True,UNVALIDATED_UNDER_CLOSURE,inside_calibration_window_40_60C,False,"{'mu_eff_cP': 0.64, 'd_particle_um': 270, 'SF_mech': 1.4, 'k_rel': 0.74}","T=60 C, φ=0.15, cat=1.0, inh=0.12, latency_extra=1.0, family=ru_phosphite. UNKNOWN never upgraded. kinetics_flag=inside_calibration_window_40_60C. Agglomeration heuristic cannot PASS without validation. k_rel is not measured fracture conductivity."
T60_phi0.15_I0.22,ru_phosphite,MARGINAL,MARGINAL,0.6412899230349711,78.40084329658413,43.55602405365785,273.0466868420546,270,1.414117942869614,0.85,0.7391304347826088,relative to assumed k_open; not measured fracture conductivity,0.0007831511665585822,0.26887120639818957,ASSUMED_FOR_SENSITIVITY heuristic; not a hard agglomeration PASS,PASS,MARGINAL,PASS,PASS,PASS,MARGINAL,UNKNOWN,MARGINAL,PASS,MARGINAL,True,UNVALIDATED_UNDER_CLOSURE,inside_calibration_window_40_60C,False,"{'mu_eff_cP': 0.64, 'd_particle_um': 270, 'SF_mech': 1.4, 'k_rel': 0.74}","T=60 C, φ=0.15, cat=1.0, inh=0.22, latency_extra=1.0, family=ru_phosphite. UNKNOWN never upgraded. kinetics_flag=inside_calibration_window_40_60C. Agglomeration heuristic cannot PASS without validation. k_rel is not measured fracture conductivity."
T60_phi0.15_I0.35,ru_phosphite,FAIL,FAIL,0.6412899230349711,111.18248245275818,61.76804580708788,273.0466868420546,270,1.414117942869614,0.85,0.7391304347826088,relative to assumed k_open; not measured fracture conductivity,0.0005522426782818002,0.26887120639818957,ASSUMED_FOR_SENSITIVITY heuristic; not a hard agglomeration PASS,PASS,FAIL,PASS,PASS,PASS,MARGINAL,UNKNOWN,MARGINAL,PASS,MARGINAL,True,UNVALIDATED_UNDER_CLOSURE,inside_calibration_window_40_60C,False,"{'mu_eff_cP': 0.64, 'd_particle_um': 270, 'SF_mech': 1.4, 'k_rel': 0.74}","T=60 C, φ=0.15, cat=1.0, inh=0.35, latency_extra=1.0, family=ru_phosphite. UNKNOWN never upgraded. kinetics_flag=inside_calibration_window_40_60C. Agglomeration heuristic cannot PASS without validation. k_rel is not measured fracture conductivity."
T60_phi0.22_I0.12,ru_phosphite,MARGINAL,PASS,0.6870996720050345,53.18419779183484,29.546776551019356,273.0466868420546,270,1.414117942869614,0.78,0.639344262295082,relative to assumed k_open; not measured fracture conductivity,0.0011544728403691806,0.39434443605067804,ASSUMED_FOR_SENSITIVITY heuristic; not a hard agglomeration PASS,PASS,PASS,PASS,PASS,PASS,MARGINAL,UNKNOWN,MARGINAL,PASS,MARGINAL,True,UNVALIDATED_UNDER_CLOSURE,inside_calibration_window_40_60C,False,"{'mu_eff_cP': 0.69, 'd_particle_um': 270, 'SF_mech': 1.4, 'k_rel': 0.64}","T=60 C, φ=0.22, cat=1.0, inh=0.12, latency_extra=1.0, family=ru_phosphite. UNKNOWN never upgraded. kinetics_flag=inside_calibration_window_40_60C. Agglomeration heuristic cannot PASS without validation. k_rel is not measured fracture conductivity."
T60_phi0.22_I0.22,ru_phosphite,MARGINAL,MARGINAL,0.6870996720050345,78.40084329658413,43.55602405365785,273.0466868420546,270,1.414117942869614,0.78,0.639344262295082,relative to assumed k_open; not measured fracture conductivity,0.0007831511665585822,0.39434443605067804,ASSUMED_FOR_SENSITIVITY heuristic; not a hard agglomeration PASS,PASS,MARGINAL,PASS,PASS,PASS,MARGINAL,UNKNOWN,MARGINAL,PASS,MARGINAL,True,UNVALIDATED_UNDER_CLOSURE,inside_calibration_window_40_60C,False,"{'mu_eff_cP': 0.69, 'd_particle_um': 270, 'SF_mech': 1.4, 'k_rel': 0.64}","T=60 C, φ=0.22, cat=1.0, inh=0.22, latency_extra=1.0, family=ru_phosphite. UNKNOWN never upgraded. kinetics_flag=inside_calibration_window_40_60C. Agglomeration heuristic cannot PASS without validation. k_rel is not measured fracture conductivity."
T60_phi0.22_I0.35,ru_phosphite,FAIL,FAIL,0.6870996720050345,111.18248245275818,61.76804580708788,273.0466868420546,270,1.414117942869614,0.78,0.639344262295082,relative to assumed k_open; not measured fracture conductivity,0.0005522426782818002,0.39434443605067804,ASSUMED_FOR_SENSITIVITY heuristic; not a hard agglomeration PASS,PASS,FAIL,PASS,PASS,PASS,MARGINAL,UNKNOWN,MARGINAL,PASS,MARGINAL,True,UNVALIDATED_UNDER_CLOSURE,inside_calibration_window_40_60C,False,"{'mu_eff_cP': 0.69, 'd_particle_um': 270, 'SF_mech': 1.4, 'k_rel': 0.64}","T=60 C, φ=0.22, cat=1.0, inh=0.35, latency_extra=1.0, family=ru_phosphite. UNKNOWN never upgraded. kinetics_flag=inside_calibration_window_40_60C. Agglomeration heuristic cannot PASS without validation. k_rel is not measured fracture conductivity."
T60_phi0.3_I0.12,ru_phosphite,MARGINAL,PASS,0.7845440411628641,53.18419779183484,29.546776551019356,273.0466868420546,270,1.414117942869614,0.7,0.5384615384615384,relative to assumed k_open; not measured fracture conductivity,0.0011544728403691806,0.5377424127963791,ASSUMED_FOR_SENSITIVITY heuristic; not a hard agglomeration PASS,PASS,PASS,PASS,PASS,PASS,MARGINAL,UNKNOWN,MARGINAL,PASS,MARGINAL,True,UNVALIDATED_UNDER_CLOSURE,inside_calibration_window_40_60C,False,"{'mu_eff_cP': 0.78, 'd_particle_um': 270, 'SF_mech': 1.4, 'k_rel': 0.54}","T=60 C, φ=0.3, cat=1.0, inh=0.12, latency_extra=1.0, family=ru_phosphite. UNKNOWN never upgraded. kinetics_flag=inside_calibration_window_40_60C. Agglomeration heuristic cannot PASS without validation. k_rel is not measured fracture conductivity."
T60_phi0.3_I0.22,ru_phosphite,MARGINAL,MARGINAL,0.7845440411628641,78.40084329658413,43.55602405365785,273.0466868420546,270,1.414117942869614,0.7,0.5384615384615384,relative to assumed k_open; not measured fracture conductivity,0.0007831511665585822,0.5377424127963791,ASSUMED_FOR_SENSITIVITY heuristic; not a hard agglomeration PASS,PASS,MARGINAL,PASS,PASS,PASS,MARGINAL,UNKNOWN,MARGINAL,PASS,MARGINAL,True,UNVALIDATED_UNDER_CLOSURE,inside_calibration_window_40_60C,False,"{'mu_eff_cP': 0.78, 'd_particle_um': 270, 'SF_mech': 1.4, 'k_rel': 0.54}","T=60 C, φ=0.3, cat=1.0, inh=0.22, latency_extra=1.0, family=ru_phosphite. UNKNOWN never upgraded. kinetics_flag=inside_calibration_window_40_60C. Agglomeration heuristic cannot PASS without validation. k_rel is not measured fracture conductivity."
T60_phi0.3_I0.35,ru_phosphite,FAIL,FAIL,0.7845440411628641,111.18248245275818,61.76804580708788,273.0466868420546,270,1.414117942869614,0.7,0.5384615384615384,relative to assumed k_open; not measured fracture conductivity,0.0005522426782818002,0.5377424127963791,ASSUMED_FOR_SENSITIVITY heuristic; not a hard agglomeration PASS,PASS,FAIL,PASS,PASS,PASS,MARGINAL,UNKNOWN,MARGINAL,PASS,MARGINAL,True,UNVALIDATED_UNDER_CLOSURE,inside_calibration_window_40_60C,False,"{'mu_eff_cP': 0.78, 'd_particle_um': 270, 'SF_mech': 1.4, 'k_rel': 0.54}","T=60 C, φ=0.3, cat=1.0, inh=0.35, latency_extra=1.0, family=ru_phosphite. UNKNOWN never upgraded. kinetics_flag=inside_calibration_window_40_60C. Agglomeration heuristic cannot PASS without validation. k_rel is not measured fracture conductivity."
T70_phi0.08_I0.12,ru_phosphite,MARGINAL,MARGINAL,0.5011236538896975,23.09173785307007,12.828743251705594,273.0466868420546,270,1.414117942869614,0.92,0.851851851851852,relative to assumed k_open; not measured fracture conductivity,0.002658947207805795,0.14544036267422877,ASSUMED_FOR_SENSITIVITY heuristic; not a hard agglomeration PASS,PASS,MARGINAL,PASS,PASS,PASS,MARGINAL,UNKNOWN,MARGINAL,PASS,MARGINAL,True,UNVALIDATED_UNDER_CLOSURE,near_calibration_Hu2018_80C,False,"{'mu_eff_cP': 0.5, 'd_particle_um': 270, 'SF_mech': 1.4, 'k_rel': 0.85}","T=70 C, φ=0.08, cat=1.0, inh=0.12, latency_extra=1.0, family=ru_phosphite. UNKNOWN never upgraded. kinetics_flag=near_calibration_Hu2018_80C. Agglomeration heuristic cannot PASS without validation. k_rel is not measured fracture conductivity."
T70_phi0.08_I0.22,ru_phosphite,MARGINAL,PASS,0.5011236538896975,34.04040666271536,18.91133703484187,273.0466868420546,270,1.414117942869614,0.92,0.851851851851852,relative to assumed k_open; not measured fracture conductivity,0.0018037302696143342,0.14544036267422877,ASSUMED_FOR_SENSITIVITY heuristic; not a hard agglomeration PASS,PASS,PASS,PASS,PASS,PASS,MARGINAL,UNKNOWN,MARGINAL,PASS,MARGINAL,True,UNVALIDATED_UNDER_CLOSURE,near_calibration_Hu2018_80C,False,"{'mu_eff_cP': 0.5, 'd_particle_um': 270, 'SF_mech': 1.4, 'k_rel': 0.85}","T=70 C, φ=0.08, cat=1.0, inh=0.22, latency_extra=1.0, family=ru_phosphite. UNKNOWN never upgraded. kinetics_flag=near_calibration_Hu2018_80C. Agglomeration heuristic cannot PASS without validation. k_rel is not measured fracture conductivity."
T70_phi0.08_I0.35,ru_phosphite,MARGINAL,PASS,0.5011236538896975,48.27367611525425,26.818708952919028,273.0466868420546,270,1.414117942869614,0.92,0.851851851851852,relative to assumed k_open; not measured fracture conductivity,0.001271908767421337,0.14544036267422877,ASSUMED_FOR_SENSITIVITY heuristic; not a hard agglomeration PASS,PASS,PASS,PASS,PASS,PASS,MARGINAL,UNKNOWN,MARGINAL,PASS,MARGINAL,True,UNVALIDATED_UNDER_CLOSURE,near_calibration_Hu2018_80C,False,"{'mu_eff_cP': 0.5, 'd_particle_um': 270, 'SF_mech': 1.4, 'k_rel': 0.85}","T=70 C, φ=0.08, cat=1.0, inh=0.35, latency_extra=1.0, family=ru_phosphite. UNKNOWN never upgraded. kinetics_flag=near_calibration_Hu2018_80C. Agglomeration heuristic cannot PASS without validation. k_rel is not measured fracture conductivity."
T70_phi0.12_I0.12,ru_phosphite,MARGINAL,MARGINAL,0.5314494918165373,23.09173785307007,12.828743251705594,273.0466868420546,270,1.414117942869614,0.88,0.7857142857142857,relative to assumed k_open; not measured fracture conductivity,0.002658947207805795,0.21816054401134313,ASSUMED_FOR_SENSITIVITY heuristic; not a hard agglomeration PASS,PASS,MARGINAL,PASS,PASS,PASS,MARGINAL,UNKNOWN,MARGINAL,PASS,MARGINAL,True,UNVALIDATED_UNDER_CLOSURE,near_calibration_Hu2018_80C,False,"{'mu_eff_cP': 0.53, 'd_particle_um': 270, 'SF_mech': 1.4, 'k_rel': 0.79}","T=70 C, φ=0.12, cat=1.0, inh=0.12, latency_extra=1.0, family=ru_phosphite. UNKNOWN never upgraded. kinetics_flag=near_calibration_Hu2018_80C. Agglomeration heuristic cannot PASS without validation. k_rel is not measured fracture conductivity."
T70_phi0.12_I0.22,ru_phosphite,MARGINAL,PASS,0.5314494918165373,34.04040666271536,18.91133703484187,273.0466868420546,270,1.414117942869614,0.88,0.7857142857142857,relative to assumed k_open; not measured fracture conductivity,0.0018037302696143342,0.21816054401134313,ASSUMED_FOR_SENSITIVITY heuristic; not a hard agglomeration PASS,PASS,PASS,PASS,PASS,PASS,MARGINAL,UNKNOWN,MARGINAL,PASS,MARGINAL,True,UNVALIDATED_UNDER_CLOSURE,near_calibration_Hu2018_80C,False,"{'mu_eff_cP': 0.53, 'd_particle_um': 270, 'SF_mech': 1.4, 'k_rel': 0.79}","T=70 C, φ=0.12, cat=1.0, inh=0.22, latency_extra=1.0, family=ru_phosphite. UNKNOWN never upgraded. kinetics_flag=near_calibration_Hu2018_80C. Agglomeration heuristic cannot PASS without validation. k_rel is not measured fracture conductivity."
T70_phi0.12_I0.35,ru_phosphite,MARGINAL,PASS,0.5314494918165373,48.27367611525425,26.818708952919028,273.0466868420546,270,1.414117942869614,0.88,0.7857142857142857,relative to assumed k_open; not measured fracture conductivity,0.001271908767421337,0.21816054401134313,ASSUMED_FOR_SENSITIVITY heuristic; not a hard agglomeration PASS,PASS,PASS,PASS,PASS,PASS,MARGINAL,UNKNOWN,MARGINAL,PASS,MARGINAL,True,UNVALIDATED_UNDER_CLOSURE,near_calibration_Hu2018_80C,False,"{'mu_eff_cP': 0.53, 'd_particle_um': 270, 'SF_mech': 1.4, 'k_rel': 0.79}","T=70 C, φ=0.12, cat=1.0, inh=0.35, latency_extra=1.0, family=ru_phosphite. UNKNOWN never upgraded. kinetics_flag=near_calibration_Hu2018_80C. Agglomeration heuristic cannot PASS without validation. k_rel is not measured fracture conductivity."
T70_phi0.15_I0.12,ru_phosphite,MARGINAL,MARGINAL,0.5541938702616671,23.09173785307007,12.828743251705594,273.0466868420546,270,1.414117942869614,0.85,0.7391304347826088,relative to assumed k_open; not measured fracture conductivity,0.002658947207805795,0.2727006800141789,ASSUMED_FOR_SENSITIVITY heuristic; not a hard agglomeration PASS,PASS,MARGINAL,PASS,PASS,PASS,MARGINAL,UNKNOWN,MARGINAL,PASS,MARGINAL,True,UNVALIDATED_UNDER_CLOSURE,near_calibration_Hu2018_80C,False,"{'mu_eff_cP': 0.55, 'd_particle_um': 270, 'SF_mech': 1.4, 'k_rel': 0.74}","T=70 C, φ=0.15, cat=1.0, inh=0.12, latency_extra=1.0, family=ru_phosphite. UNKNOWN never upgraded. kinetics_flag=near_calibration_Hu2018_80C. Agglomeration heuristic cannot PASS without validation. k_rel is not measured fracture conductivity."
T70_phi0.15_I0.22,ru_phosphite,MARGINAL,PASS,0.5541938702616671,34.04040666271536,18.91133703484187,273.0466868420546,270,1.414117942869614,0.85,0.7391304347826088,relative to assumed k_open; not measured fracture conductivity,0.0018037302696143342,0.2727006800141789,ASSUMED_FOR_SENSITIVITY heuristic; not a hard agglomeration PASS,PASS,PASS,PASS,PASS,PASS,MARGINAL,UNKNOWN,MARGINAL,PASS,MARGINAL,True,UNVALIDATED_UNDER_CLOSURE,near_calibration_Hu2018_80C,False,"{'mu_eff_cP': 0.55, 'd_particle_um': 270, 'SF_mech': 1.4, 'k_rel': 0.74}","T=70 C, φ=0.15, cat=1.0, inh=0.22, latency_extra=1.0, family=ru_phosphite. UNKNOWN never upgraded. kinetics_flag=near_calibration_Hu2018_80C. Agglomeration heuristic cannot PASS without validation. k_rel is not measured fracture conductivity."
T70_phi0.15_I0.35,ru_phosphite,MARGINAL,PASS,0.5541938702616671,48.27367611525425,26.818708952919028,273.0466868420546,270,1.414117942869614,0.85,0.7391304347826088,relative to assumed k_open; not measured fracture conductivity,0.001271908767421337,0.2727006800141789,ASSUMED_FOR_SENSITIVITY heuristic; not a hard agglomeration PASS,PASS,PASS,PASS,PASS,PASS,MARGINAL,UNKNOWN,MARGINAL,PASS,MARGINAL,True,UNVALIDATED_UNDER_CLOSURE,near_calibration_Hu2018_80C,False,"{'mu_eff_cP': 0.55, 'd_particle_um': 270, 'SF_mech': 1.4, 'k_rel': 0.74}","T=70 C, φ=0.15, cat=1.0, inh=0.35, latency_extra=1.0, family=ru_phosphite. UNKNOWN never upgraded. kinetics_flag=near_calibration_Hu2018_80C. Agglomeration heuristic cannot PASS without validation. k_rel is not measured fracture conductivity."
T70_phi0.22_I0.12,ru_phosphite,MARGINAL,MARGINAL,0.5930858139837798,23.09173785307007,12.828743251705594,273.0466868420546,270,1.414117942869614,0.78,0.639344262295082,relative to assumed k_open; not measured fracture conductivity,0.002658947207805795,0.3999609973541291,ASSUMED_FOR_SENSITIVITY heuristic; not a hard agglomeration PASS,PASS,MARGINAL,PASS,PASS,PASS,MARGINAL,UNKNOWN,MARGINAL,PASS,MARGINAL,True,UNVALIDATED_UNDER_CLOSURE,near_calibration_Hu2018_80C,False,"{'mu_eff_cP': 0.59, 'd_particle_um': 270, 'SF_mech': 1.4, 'k_rel': 0.64}","T=70 C, φ=0.22, cat=1.0, inh=0.12, latency_extra=1.0, family=ru_phosphite. UNKNOWN never upgraded. kinetics_flag=near_calibration_Hu2018_80C. Agglomeration heuristic cannot PASS without validation. k_rel is not measured fracture conductivity."
T70_phi0.22_I0.22,ru_phosphite,MARGINAL,PASS,0.5930858139837798,34.04040666271536,18.91133703484187,273.0466868420546,270,1.414117942869614,0.78,0.639344262295082,relative to assumed k_open; not measured fracture conductivity,0.0018037302696143342,0.3999609973541291,ASSUMED_FOR_SENSITIVITY heuristic; not a hard agglomeration PASS,PASS,PASS,PASS,PASS,PASS,MARGINAL,UNKNOWN,MARGINAL,PASS,MARGINAL,True,UNVALIDATED_UNDER_CLOSURE,near_calibration_Hu2018_80C,False,"{'mu_eff_cP': 0.59, 'd_particle_um': 270, 'SF_mech': 1.4, 'k_rel': 0.64}","T=70 C, φ=0.22, cat=1.0, inh=0.22, latency_extra=1.0, family=ru_phosphite. UNKNOWN never upgraded. kinetics_flag=near_calibration_Hu2018_80C. Agglomeration heuristic cannot PASS without validation. k_rel is not measured fracture conductivity."
T70_phi0.22_I0.35,ru_phosphite,MARGINAL,PASS,0.5930858139837798,48.27367611525425,26.818708952919028,273.0466868420546,270,1.414117942869614,0.78,0.639344262295082,relative to assumed k_open; not measured fracture conductivity,0.001271908767421337,0.3999609973541291,ASSUMED_FOR_SENSITIVITY heuristic; not a hard agglomeration PASS,PASS,PASS,PASS,PASS,PASS,MARGINAL,UNKNOWN,MARGINAL,PASS,MARGINAL,True,UNVALIDATED_UNDER_CLOSURE,near_calibration_Hu2018_80C,False,"{'mu_eff_cP': 0.59, 'd_particle_um': 270, 'SF_mech': 1.4, 'k_rel': 0.64}","T=70 C, φ=0.22, cat=1.0, inh=0.35, latency_extra=1.0, family=ru_phosphite. UNKNOWN never upgraded. kinetics_flag=near_calibration_Hu2018_80C. Agglomeration heuristic cannot PASS without validation. k_rel is not measured fracture conductivity."
T70_phi0.3_I0.12,ru_phosphite,MARGINAL,MARGINAL,0.6766204900172471,23.09173785307007,12.828743251705594,273.0466868420546,270,1.414117942869614,0.7,0.5384615384615384,relative to assumed k_open; not measured fracture conductivity,0.002658947207805795,0.5454013600283578,ASSUMED_FOR_SENSITIVITY heuristic; not a hard agglomeration PASS,PASS,MARGINAL,PASS,PASS,PASS,MARGINAL,UNKNOWN,MARGINAL,PASS,MARGINAL,True,UNVALIDATED_UNDER_CLOSURE,near_calibration_Hu2018_80C,False,"{'mu_eff_cP': 0.68, 'd_particle_um': 270, 'SF_mech': 1.4, 'k_rel': 0.54}","T=70 C, φ=0.3, cat=1.0, inh=0.12, latency_extra=1.0, family=ru_phosphite. UNKNOWN never upgraded. kinetics_flag=near_calibration_Hu2018_80C. Agglomeration heuristic cannot PASS without validation. k_rel is not measured fracture conductivity."
T70_phi0.3_I0.22,ru_phosphite,MARGINAL,PASS,0.6766204900172471,34.04040666271536,18.91133703484187,273.0466868420546,270,1.414117942869614,0.7,0.5384615384615384,relative to assumed k_open; not measured fracture conductivity,0.0018037302696143342,0.5454013600283578,ASSUMED_FOR_SENSITIVITY heuristic; not a hard agglomeration PASS,PASS,PASS,PASS,PASS,PASS,MARGINAL,UNKNOWN,MARGINAL,PASS,MARGINAL,True,UNVALIDATED_UNDER_CLOSURE,near_calibration_Hu2018_80C,False,"{'mu_eff_cP': 0.68, 'd_particle_um': 270, 'SF_mech': 1.4, 'k_rel': 0.54}","T=70 C, φ=0.3, cat=1.0, inh=0.22, latency_extra=1.0, family=ru_phosphite. UNKNOWN never upgraded. kinetics_flag=near_calibration_Hu2018_80C. Agglomeration heuristic cannot PASS without validation. k_rel is not measured fracture conductivity."
T70_phi0.3_I0.35,ru_phosphite,MARGINAL,PASS,0.6766204900172471,48.27367611525425,26.818708952919028,273.0466868420546,270,1.414117942869614,0.7,0.5384615384615384,relative to assumed k_open; not measured fracture conductivity,0.001271908767421337,0.5454013600283578,ASSUMED_FOR_SENSITIVITY heuristic; not a hard agglomeration PASS,PASS,PASS,PASS,PASS,PASS,MARGINAL,UNKNOWN,MARGINAL,PASS,MARGINAL,True,UNVALIDATED_UNDER_CLOSURE,near_calibration_Hu2018_80C,False,"{'mu_eff_cP': 0.68, 'd_particle_um': 270, 'SF_mech': 1.4, 'k_rel': 0.54}","T=70 C, φ=0.3, cat=1.0, inh=0.35, latency_extra=1.0, family=ru_phosphite. UNKNOWN never upgraded. kinetics_flag=near_calibration_Hu2018_80C. Agglomeration heuristic cannot PASS without validation. k_rel is not measured fracture conductivity."
T80_phi0.08_I0.12,ru_phosphite,FAIL,FAIL,0.4390587114160175,10.511151355488682,5.839528530827044,273.0466868420546,270,1.414117942869614,0.92,0.851851851851852,relative to assumed k_open; not measured fracture conductivity,0.005841387856719393,0.14709284846194995,ASSUMED_FOR_SENSITIVITY heuristic; not a hard agglomeration PASS,PASS,FAIL,PASS,PASS,PASS,MARGINAL,UNKNOWN,MARGINAL,PASS,MARGINAL,True,UNVALIDATED_UNDER_CLOSURE,near_calibration_Hu2018_80C,False,"{'mu_eff_cP': 0.44, 'd_particle_um': 270, 'SF_mech': 1.4, 'k_rel': 0.85}","T=80 C, φ=0.08, cat=1.0, inh=0.12, latency_extra=1.0, family=ru_phosphite. UNKNOWN never upgraded. kinetics_flag=near_calibration_Hu2018_80C. Agglomeration heuristic cannot PASS without validation. k_rel is not measured fracture conductivity."
T80_phi0.08_I0.22,ru_phosphite,MARGINAL,MARGINAL,0.4390587114160175,15.494886911970381,8.60827050665021,273.0466868420546,270,1.414117942869614,0.92,0.851851851851852,relative to assumed k_open; not measured fracture conductivity,0.003962578896960167,0.14709284846194995,ASSUMED_FOR_SENSITIVITY heuristic; not a hard agglomeration PASS,PASS,MARGINAL,PASS,PASS,PASS,MARGINAL,UNKNOWN,MARGINAL,PASS,MARGINAL,True,UNVALIDATED_UNDER_CLOSURE,near_calibration_Hu2018_80C,False,"{'mu_eff_cP': 0.44, 'd_particle_um': 270, 'SF_mech': 1.4, 'k_rel': 0.85}","T=80 C, φ=0.08, cat=1.0, inh=0.22, latency_extra=1.0, family=ru_phosphite. UNKNOWN never upgraded. kinetics_flag=near_calibration_Hu2018_80C. Agglomeration heuristic cannot PASS without validation. k_rel is not measured fracture conductivity."
T80_phi0.08_I0.35,ru_phosphite,MARGINAL,MARGINAL,0.4390587114160175,21.973743135396592,12.20763507522033,273.0466868420546,270,1.414117942869614,0.92,0.851851851851852,relative to assumed k_open; not measured fracture conductivity,0.0027942308922774828,0.14709284846194995,ASSUMED_FOR_SENSITIVITY heuristic; not a hard agglomeration PASS,PASS,MARGINAL,PASS,PASS,PASS,MARGINAL,UNKNOWN,MARGINAL,PASS,MARGINAL,True,UNVALIDATED_UNDER_CLOSURE,near_calibration_Hu2018_80C,False,"{'mu_eff_cP': 0.44, 'd_particle_um': 270, 'SF_mech': 1.4, 'k_rel': 0.85}","T=80 C, φ=0.08, cat=1.0, inh=0.35, latency_extra=1.0, family=ru_phosphite. UNKNOWN never upgraded. kinetics_flag=near_calibration_Hu2018_80C. Agglomeration heuristic cannot PASS without validation. k_rel is not measured fracture conductivity."
T80_phi0.12_I0.12,ru_phosphite,FAIL,FAIL,0.4655417451537535,10.511151355488682,5.839528530827044,273.0466868420546,270,1.414117942869614,0.88,0.7857142857142857,relative to assumed k_open; not measured fracture conductivity,0.005841387856719393,0.22063927269292488,ASSUMED_FOR_SENSITIVITY heuristic; not a hard agglomeration PASS,PASS,FAIL,PASS,PASS,PASS,MARGINAL,UNKNOWN,MARGINAL,PASS,MARGINAL,True,UNVALIDATED_UNDER_CLOSURE,near_calibration_Hu2018_80C,False,"{'mu_eff_cP': 0.47, 'd_particle_um': 270, 'SF_mech': 1.4, 'k_rel': 0.79}","T=80 C, φ=0.12, cat=1.0, inh=0.12, latency_extra=1.0, family=ru_phosphite. UNKNOWN never upgraded. kinetics_flag=near_calibration_Hu2018_80C. Agglomeration heuristic cannot PASS without validation. k_rel is not measured fracture conductivity."
T80_phi0.12_I0.22,ru_phosphite,MARGINAL,MARGINAL,0.4655417451537535,15.494886911970381,8.60827050665021,273.0466868420546,270,1.414117942869614,0.88,0.7857142857142857,relative to assumed k_open; not measured fracture conductivity,0.003962578896960167,0.22063927269292488,ASSUMED_FOR_SENSITIVITY heuristic; not a hard agglomeration PASS,PASS,MARGINAL,PASS,PASS,PASS,MARGINAL,UNKNOWN,MARGINAL,PASS,MARGINAL,True,UNVALIDATED_UNDER_CLOSURE,near_calibration_Hu2018_80C,False,"{'mu_eff_cP': 0.47, 'd_particle_um': 270, 'SF_mech': 1.4, 'k_rel': 0.79}","T=80 C, φ=0.12, cat=1.0, inh=0.22, latency_extra=1.0, family=ru_phosphite. UNKNOWN never upgraded. kinetics_flag=near_calibration_Hu2018_80C. Agglomeration heuristic cannot PASS without validation. k_rel is not measured fracture conductivity."
T80_phi0.12_I0.35,ru_phosphite,MARGINAL,MARGINAL,0.4655417451537535,21.973743135396592,12.20763507522033,273.0466868420546,270,1.414117942869614,0.88,0.7857142857142857,relative to assumed k_open; not measured fracture conductivity,0.0027942308922774828,0.22063927269292488,ASSUMED_FOR_SENSITIVITY heuristic; not a hard agglomeration PASS,PASS,MARGINAL,PASS,PASS,PASS,MARGINAL,UNKNOWN,MARGINAL,PASS,MARGINAL,True,UNVALIDATED_UNDER_CLOSURE,near_calibration_Hu2018_80C,False,"{'mu_eff_cP': 0.47, 'd_particle_um': 270, 'SF_mech': 1.4, 'k_rel': 0.79}","T=80 C, φ=0.12, cat=1.0, inh=0.35, latency_extra=1.0, family=ru_phosphite. UNKNOWN never upgraded. kinetics_flag=near_calibration_Hu2018_80C. Agglomeration heuristic cannot PASS without validation. k_rel is not measured fracture conductivity."
T80_phi0.15_I0.12,ru_phosphite,FAIL,FAIL,0.48540402045705555,10.511151355488682,5.839528530827044,273.0466868420546,270,1.414117942869614,0.85,0.7391304347826088,relative to assumed k_open; not measured fracture conductivity,0.005841387856719393,0.2757990908661561,ASSUMED_FOR_SENSITIVITY heuristic; not a hard agglomeration PASS,PASS,FAIL,PASS,PASS,PASS,MARGINAL,UNKNOWN,MARGINAL,PASS,MARGINAL,True,UNVALIDATED_UNDER_CLOSURE,near_calibration_Hu2018_80C,False,"{'mu_eff_cP': 0.49, 'd_particle_um': 270, 'SF_mech': 1.4, 'k_rel': 0.74}","T=80 C, φ=0.15, cat=1.0, inh=0.12, latency_extra=1.0, family=ru_phosphite. UNKNOWN never upgraded. kinetics_flag=near_calibration_Hu2018_80C. Agglomeration heuristic cannot PASS without validation. k_rel is not measured fracture conductivity."
T80_phi0.15_I0.22,ru_phosphite,MARGINAL,MARGINAL,0.48540402045705555,15.494886911970381,8.60827050665021,273.0466868420546,270,1.414117942869614,0.85,0.7391304347826088,relative to assumed k_open; not measured fracture conductivity,0.003962578896960167,0.2757990908661561,ASSUMED_FOR_SENSITIVITY heuristic; not a hard agglomeration PASS,PASS,MARGINAL,PASS,PASS,PASS,MARGINAL,UNKNOWN,MARGINAL,PASS,MARGINAL,True,UNVALIDATED_UNDER_CLOSURE,near_calibration_Hu2018_80C,False,"{'mu_eff_cP': 0.49, 'd_particle_um': 270, 'SF_mech': 1.4, 'k_rel': 0.74}","T=80 C, φ=0.15, cat=1.0, inh=0.22, latency_extra=1.0, family=ru_phosphite. UNKNOWN never upgraded. kinetics_flag=near_calibration_Hu2018_80C. Agglomeration heuristic cannot PASS without validation. k_rel is not measured fracture conductivity."
T80_phi0.15_I0.35,ru_phosphite,MARGINAL,MARGINAL,0.48540402045705555,21.973743135396592,12.20763507522033,273.0466868420546,270,1.414117942869614,0.85,0.7391304347826088,relative to assumed k_open; not measured fracture conductivity,0.0027942308922774828,0.2757990908661561,ASSUMED_FOR_SENSITIVITY heuristic; not a hard agglomeration PASS,PASS,MARGINAL,PASS,PASS,PASS,MARGINAL,UNKNOWN,MARGINAL,PASS,MARGINAL,True,UNVALIDATED_UNDER_CLOSURE,near_calibration_Hu2018_80C,False,"{'mu_eff_cP': 0.49, 'd_particle_um': 270, 'SF_mech': 1.4, 'k_rel': 0.74}","T=80 C, φ=0.15, cat=1.0, inh=0.35, latency_extra=1.0, family=ru_phosphite. UNKNOWN never upgraded. kinetics_flag=near_calibration_Hu2018_80C. Agglomeration heuristic cannot PASS without validation. k_rel is not measured fracture conductivity."
T80_phi0.22_I0.12,ru_phosphite,FAIL,FAIL,0.5186339223365296,10.511151355488682,5.839528530827044,273.0466868420546,270,1.414117942869614,0.78,0.639344262295082,relative to assumed k_open; not measured fracture conductivity,0.005841387856719393,0.4045053332703623,ASSUMED_FOR_SENSITIVITY heuristic; not a hard agglomeration PASS,PASS,FAIL,PASS,PASS,PASS,MARGINAL,UNKNOWN,MARGINAL,PASS,MARGINAL,True,UNVALIDATED_UNDER_CLOSURE,near_calibration_Hu2018_80C,False,"{'mu_eff_cP': 0.52, 'd_particle_um': 270, 'SF_mech': 1.4, 'k_rel': 0.64}","T=80 C, φ=0.22, cat=1.0, inh=0.12, latency_extra=1.0, family=ru_phosphite. UNKNOWN never upgraded. kinetics_flag=near_calibration_Hu2018_80C. Agglomeration heuristic cannot PASS without validation. k_rel is not measured fracture conductivity."
T80_phi0.22_I0.22,ru_phosphite,MARGINAL,MARGINAL,0.5186339223365296,15.494886911970381,8.60827050665021,273.0466868420546,270,1.414117942869614,0.78,0.639344262295082,relative to assumed k_open; not measured fracture conductivity,0.003962578896960167,0.4045053332703623,ASSUMED_FOR_SENSITIVITY heuristic; not a hard agglomeration PASS,PASS,MARGINAL,PASS,PASS,PASS,MARGINAL,UNKNOWN,MARGINAL,PASS,MARGINAL,True,UNVALIDATED_UNDER_CLOSURE,near_calibration_Hu2018_80C,False,"{'mu_eff_cP': 0.52, 'd_particle_um': 270, 'SF_mech': 1.4, 'k_rel': 0.64}","T=80 C, φ=0.22, cat=1.0, inh=0.22, latency_extra=1.0, family=ru_phosphite. UNKNOWN never upgraded. kinetics_flag=near_calibration_Hu2018_80C. Agglomeration heuristic cannot PASS without validation. k_rel is not measured fracture conductivity."
T80_phi0.22_I0.35,ru_phosphite,MARGINAL,MARGINAL,0.5186339223365296,21.973743135396592,12.20763507522033,273.0466868420546,270,1.414117942869614,0.78,0.639344262295082,relative to assumed k_open; not measured fracture conductivity,0.0027942308922774828,0.4045053332703623,ASSUMED_FOR_SENSITIVITY heuristic; not a hard agglomeration PASS,PASS,MARGINAL,PASS,PASS,PASS,MARGINAL,UNKNOWN,MARGINAL,PASS,MARGINAL,True,UNVALIDATED_UNDER_CLOSURE,near_calibration_Hu2018_80C,False,"{'mu_eff_cP': 0.52, 'd_particle_um': 270, 'SF_mech': 1.4, 'k_rel': 0.64}","T=80 C, φ=0.22, cat=1.0, inh=0.35, latency_extra=1.0, family=ru_phosphite. UNKNOWN never upgraded. kinetics_flag=near_calibration_Hu2018_80C. Agglomeration heuristic cannot PASS without validation. k_rel is not measured fracture conductivity."
T80_phi0.3_I0.12,ru_phosphite,FAIL,FAIL,0.5909911834714424,10.511151355488682,5.839528530827044,273.0466868420546,270,1.414117942869614,0.7,0.5384615384615384,relative to assumed k_open; not measured fracture conductivity,0.005841387856719393,0.5515981817323122,ASSUMED_FOR_SENSITIVITY heuristic; not a hard agglomeration PASS,PASS,FAIL,PASS,PASS,PASS,MARGINAL,UNKNOWN,MARGINAL,PASS,MARGINAL,True,UNVALIDATED_UNDER_CLOSURE,near_calibration_Hu2018_80C,False,"{'mu_eff_cP': 0.59, 'd_particle_um': 270, 'SF_mech': 1.4, 'k_rel': 0.54}","T=80 C, φ=0.3, cat=1.0, inh=0.12, latency_extra=1.0, family=ru_phosphite. UNKNOWN never upgraded. kinetics_flag=near_calibration_Hu2018_80C. Agglomeration heuristic cannot PASS without validation. k_rel is not measured fracture conductivity."
T80_phi0.3_I0.22,ru_phosphite,MARGINAL,MARGINAL,0.5909911834714424,15.494886911970381,8.60827050665021,273.0466868420546,270,1.414117942869614,0.7,0.5384615384615384,relative to assumed k_open; not measured fracture conductivity,0.003962578896960167,0.5515981817323122,ASSUMED_FOR_SENSITIVITY heuristic; not a hard agglomeration PASS,PASS,MARGINAL,PASS,PASS,PASS,MARGINAL,UNKNOWN,MARGINAL,PASS,MARGINAL,True,UNVALIDATED_UNDER_CLOSURE,near_calibration_Hu2018_80C,False,"{'mu_eff_cP': 0.59, 'd_particle_um': 270, 'SF_mech': 1.4, 'k_rel': 0.54}","T=80 C, φ=0.3, cat=1.0, inh=0.22, latency_extra=1.0, family=ru_phosphite. UNKNOWN never upgraded. kinetics_flag=near_calibration_Hu2018_80C. Agglomeration heuristic cannot PASS without validation. k_rel is not measured fracture conductivity."
T80_phi0.3_I0.35,ru_phosphite,MARGINAL,MARGINAL,0.5909911834714424,21.973743135396592,12.20763507522033,273.0466868420546,270,1.414117942869614,0.7,0.5384615384615384,relative to assumed k_open; not measured fracture conductivity,0.0027942308922774828,0.5515981817323122,ASSUMED_FOR_SENSITIVITY heuristic; not a hard agglomeration PASS,PASS,MARGINAL,PASS,PASS,PASS,MARGINAL,UNKNOWN,MARGINAL,PASS,MARGINAL,True,UNVALIDATED_UNDER_CLOSURE,near_calibration_Hu2018_80C,False,"{'mu_eff_cP': 0.59, 'd_particle_um': 270, 'SF_mech': 1.4, 'k_rel': 0.54}","T=80 C, φ=0.3, cat=1.0, inh=0.35, latency_extra=1.0, family=ru_phosphite. UNKNOWN never upgraded. kinetics_flag=near_calibration_Hu2018_80C. Agglomeration heuristic cannot PASS without validation. k_rel is not measured fracture conductivity."
T100_phi0.08_I0.12,ru_phosphite,FAIL,FAIL,0.3485711017263142,2.4717115187996486,1.3731730659998045,273.0466868420546,270,1.414117942869614,0.92,0.851851851851852,relative to assumed k_open; not measured fracture conductivity,0.024840970081186242,0.14956837122994887,ASSUMED_FOR_SENSITIVITY heuristic; not a hard agglomeration PASS,PASS,FAIL,PASS,PASS,PASS,MARGINAL,UNKNOWN,MARGINAL,PASS,MARGINAL,True,UNVALIDATED_UNDER_CLOSURE,moderate_extrapolation,False,"{'mu_eff_cP': 0.35, 'd_particle_um': 270, 'SF_mech': 1.4, 'k_rel': 0.85}","T=100 C, φ=0.08, cat=1.0, inh=0.12, latency_extra=1.0, family=ru_phosphite. UNKNOWN never upgraded. kinetics_flag=moderate_extrapolation. Agglomeration heuristic cannot PASS without validation. k_rel is not measured fracture conductivity."
T100_phi0.08_I0.22,ru_phosphite,FAIL,FAIL,0.3485711017263142,3.643643704437412,2.024246502465229,273.0466868420546,270,1.414117942869614,0.92,0.851851851851852,relative to assumed k_open; not measured fracture conductivity,0.016851184382574047,0.14956837122994887,ASSUMED_FOR_SENSITIVITY heuristic; not a hard agglomeration PASS,PASS,FAIL,PASS,PASS,PASS,MARGINAL,UNKNOWN,MARGINAL,PASS,MARGINAL,True,UNVALIDATED_UNDER_CLOSURE,moderate_extrapolation,False,"{'mu_eff_cP': 0.35, 'd_particle_um': 270, 'SF_mech': 1.4, 'k_rel': 0.85}","T=100 C, φ=0.08, cat=1.0, inh=0.22, latency_extra=1.0, family=ru_phosphite. UNKNOWN never upgraded. kinetics_flag=moderate_extrapolation. Agglomeration heuristic cannot PASS without validation. k_rel is not measured fracture conductivity."
T100_phi0.08_I0.35,ru_phosphite,FAIL,FAIL,0.3485711017263142,5.167155545766505,2.8706419698702805,273.0466868420546,270,1.414117942869614,0.92,0.851851851851852,relative to assumed k_open; not measured fracture conductivity,0.011882690842980992,0.14956837122994887,ASSUMED_FOR_SENSITIVITY heuristic; not a hard agglomeration PASS,PASS,FAIL,PASS,PASS,PASS,MARGINAL,UNKNOWN,MARGINAL,PASS,MARGINAL,True,UNVALIDATED_UNDER_CLOSURE,moderate_extrapolation,False,"{'mu_eff_cP': 0.35, 'd_particle_um': 270, 'SF_mech': 1.4, 'k_rel': 0.85}","T=100 C, φ=0.08, cat=1.0, inh=0.35, latency_extra=1.0, family=ru_phosphite. UNKNOWN never upgraded. kinetics_flag=moderate_extrapolation. Agglomeration heuristic cannot PASS without validation. k_rel is not measured fracture conductivity."
T100_phi0.12_I0.12,ru_phosphite,FAIL,FAIL,0.36941790678117853,2.4717115187996486,1.3731730659998045,273.0466868420546,270,1.414117942869614,0.88,0.7857142857142857,relative to assumed k_open; not measured fracture conductivity,0.024840970081186242,0.2243525568449233,ASSUMED_FOR_SENSITIVITY heuristic; not a hard agglomeration PASS,PASS,FAIL,PASS,PASS,PASS,MARGINAL,UNKNOWN,MARGINAL,PASS,MARGINAL,True,UNVALIDATED_UNDER_CLOSURE,moderate_extrapolation,False,"{'mu_eff_cP': 0.37, 'd_particle_um': 270, 'SF_mech': 1.4, 'k_rel': 0.79}","T=100 C, φ=0.12, cat=1.0, inh=0.12, latency_extra=1.0, family=ru_phosphite. UNKNOWN never upgraded. kinetics_flag=moderate_extrapolation. Agglomeration heuristic cannot PASS without validation. k_rel is not measured fracture conductivity."
T100_phi0.12_I0.22,ru_phosphite,FAIL,FAIL,0.36941790678117853,3.643643704437412,2.024246502465229,273.0466868420546,270,1.414117942869614,0.88,0.7857142857142857,relative to assumed k_open; not measured fracture conductivity,0.016851184382574047,0.2243525568449233,ASSUMED_FOR_SENSITIVITY heuristic; not a hard agglomeration PASS,PASS,FAIL,PASS,PASS,PASS,MARGINAL,UNKNOWN,MARGINAL,PASS,MARGINAL,True,UNVALIDATED_UNDER_CLOSURE,moderate_extrapolation,False,"{'mu_eff_cP': 0.37, 'd_particle_um': 270, 'SF_mech': 1.4, 'k_rel': 0.79}","T=100 C, φ=0.12, cat=1.0, inh=0.22, latency_extra=1.0, family=ru_phosphite. UNKNOWN never upgraded. kinetics_flag=moderate_extrapolation. Agglomeration heuristic cannot PASS without validation. k_rel is not measured fracture conductivity."
T100_phi0.12_I0.35,ru_phosphite,FAIL,FAIL,0.36941790678117853,5.167155545766505,2.8706419698702805,273.0466868420546,270,1.414117942869614,0.88,0.7857142857142857,relative to assumed k_open; not measured fracture conductivity,0.011882690842980992,0.2243525568449233,ASSUMED_FOR_SENSITIVITY heuristic; not a hard agglomeration PASS,PASS,FAIL,PASS,PASS,PASS,MARGINAL,UNKNOWN,MARGINAL,PASS,MARGINAL,True,UNVALIDATED_UNDER_CLOSURE,moderate_extrapolation,False,"{'mu_eff_cP': 0.37, 'd_particle_um': 270, 'SF_mech': 1.4, 'k_rel': 0.79}","T=100 C, φ=0.12, cat=1.0, inh=0.35, latency_extra=1.0, family=ru_phosphite. UNKNOWN never upgraded. kinetics_flag=moderate_extrapolation. Agglomeration heuristic cannot PASS without validation. k_rel is not measured fracture conductivity."
T100_phi0.15_I0.12,ru_phosphite,FAIL,FAIL,0.38505301057232677,2.4717115187996486,1.3731730659998045,273.0466868420546,270,1.414117942869614,0.85,0.7391304347826088,relative to assumed k_open; not measured fracture conductivity,0.024840970081186242,0.2804406960561541,ASSUMED_FOR_SENSITIVITY heuristic; not a hard agglomeration PASS,PASS,FAIL,PASS,PASS,PASS,MARGINAL,UNKNOWN,MARGINAL,PASS,MARGINAL,True,UNVALIDATED_UNDER_CLOSURE,moderate_extrapolation,False,"{'mu_eff_cP': 0.39, 'd_particle_um': 270, 'SF_mech': 1.4, 'k_rel': 0.74}","T=100 C, φ=0.15, cat=1.0, inh=0.12, latency_extra=1.0, family=ru_phosphite. UNKNOWN never upgraded. kinetics_flag=moderate_extrapolation. Agglomeration heuristic cannot PASS without validation. k_rel is not measured fracture conductivity."
T100_phi0.15_I0.22,ru_phosphite,FAIL,FAIL,0.38505301057232677,3.643643704437412,2.024246502465229,273.0466868420546,270,1.414117942869614,0.85,0.7391304347826088,relative to assumed k_open; not measured fracture conductivity,0.016851184382574047,0.2804406960561541,ASSUMED_FOR_SENSITIVITY heuristic; not a hard agglomeration PASS,PASS,FAIL,PASS,PASS,PASS,MARGINAL,UNKNOWN,MARGINAL,PASS,MARGINAL,True,UNVALIDATED_UNDER_CLOSURE,moderate_extrapolation,False,"{'mu_eff_cP': 0.39, 'd_particle_um': 270, 'SF_mech': 1.4, 'k_rel': 0.74}","T=100 C, φ=0.15, cat=1.0, inh=0.22, latency_extra=1.0, family=ru_phosphite. UNKNOWN never upgraded. kinetics_flag=moderate_extrapolation. Agglomeration heuristic cannot PASS without validation. k_rel is not measured fracture conductivity."
T100_phi0.15_I0.35,ru_phosphite,FAIL,FAIL,0.38505301057232677,5.167155545766505,2.8706419698702805,273.0466868420546,270,1.414117942869614,0.85,0.7391304347826088,relative to assumed k_open; not measured fracture conductivity,0.011882690842980992,0.2804406960561541,ASSUMED_FOR_SENSITIVITY heuristic; not a hard agglomeration PASS,PASS,FAIL,PASS,PASS,PASS,MARGINAL,UNKNOWN,MARGINAL,PASS,MARGINAL,True,UNVALIDATED_UNDER_CLOSURE,moderate_extrapolation,False,"{'mu_eff_cP': 0.39, 'd_particle_um': 270, 'SF_mech': 1.4, 'k_rel': 0.74}","T=100 C, φ=0.15, cat=1.0, inh=0.35, latency_extra=1.0, family=ru_phosphite. UNKNOWN never upgraded. kinetics_flag=moderate_extrapolation. Agglomeration heuristic cannot PASS without validation. k_rel is not measured fracture conductivity."
T100_phi0.22_I0.12,ru_phosphite,FAIL,FAIL,0.4097323038778664,2.4717115187996486,1.3731730659998045,273.0466868420546,270,1.414117942869614,0.78,0.639344262295082,relative to assumed k_open; not measured fracture conductivity,0.024840970081186242,0.4113130208823594,ASSUMED_FOR_SENSITIVITY heuristic; not a hard agglomeration PASS,PASS,FAIL,PASS,PASS,PASS,MARGINAL,UNKNOWN,MARGINAL,PASS,MARGINAL,True,UNVALIDATED_UNDER_CLOSURE,moderate_extrapolation,False,"{'mu_eff_cP': 0.41, 'd_particle_um': 270, 'SF_mech': 1.4, 'k_rel': 0.64}","T=100 C, φ=0.22, cat=1.0, inh=0.12, latency_extra=1.0, family=ru_phosphite. UNKNOWN never upgraded. kinetics_flag=moderate_extrapolation. Agglomeration heuristic cannot PASS without validation. k_rel is not measured fracture conductivity."
T100_phi0.22_I0.22,ru_phosphite,FAIL,FAIL,0.4097323038778664,3.643643704437412,2.024246502465229,273.0466868420546,270,1.414117942869614,0.78,0.639344262295082,relative to assumed k_open; not measured fracture conductivity,0.016851184382574047,0.4113130208823594,ASSUMED_FOR_SENSITIVITY heuristic; not a hard agglomeration PASS,PASS,FAIL,PASS,PASS,PASS,MARGINAL,UNKNOWN,MARGINAL,PASS,MARGINAL,True,UNVALIDATED_UNDER_CLOSURE,moderate_extrapolation,False,"{'mu_eff_cP': 0.41, 'd_particle_um': 270, 'SF_mech': 1.4, 'k_rel': 0.64}","T=100 C, φ=0.22, cat=1.0, inh=0.22, latency_extra=1.0, family=ru_phosphite. UNKNOWN never upgraded. kinetics_flag=moderate_extrapolation. Agglomeration heuristic cannot PASS without validation. k_rel is not measured fracture conductivity."
T100_phi0.22_I0.35,ru_phosphite,FAIL,FAIL,0.4097323038778664,5.167155545766505,2.8706419698702805,273.0466868420546,270,1.414117942869614,0.78,0.639344262295082,relative to assumed k_open; not measured fracture conductivity,0.011882690842980992,0.4113130208823594,ASSUMED_FOR_SENSITIVITY heuristic; not a hard agglomeration PASS,PASS,FAIL,PASS,PASS,PASS,MARGINAL,UNKNOWN,MARGINAL,PASS,MARGINAL,True,UNVALIDATED_UNDER_CLOSURE,moderate_extrapolation,False,"{'mu_eff_cP': 0.41, 'd_particle_um': 270, 'SF_mech': 1.4, 'k_rel': 0.64}","T=100 C, φ=0.22, cat=1.0, inh=0.35, latency_extra=1.0, family=ru_phosphite. UNKNOWN never upgraded. kinetics_flag=moderate_extrapolation. Agglomeration heuristic cannot PASS without validation. k_rel is not measured fracture conductivity."
T100_phi0.3_I0.12,ru_phosphite,FAIL,FAIL,0.4655061648847098,2.4717115187996486,1.3731730659998045,273.0466868420546,270,1.414117942869614,0.7,0.5384615384615384,relative to assumed k_open; not measured fracture conductivity,0.024840970081186242,0.5608813921123083,ASSUMED_FOR_SENSITIVITY heuristic; not a hard agglomeration PASS,PASS,FAIL,PASS,PASS,PASS,MARGINAL,UNKNOWN,MARGINAL,PASS,MARGINAL,True,UNVALIDATED_UNDER_CLOSURE,moderate_extrapolation,False,"{'mu_eff_cP': 0.47, 'd_particle_um': 270, 'SF_mech': 1.4, 'k_rel': 0.54}","T=100 C, φ=0.3, cat=1.0, inh=0.12, latency_extra=1.0, family=ru_phosphite. UNKNOWN never upgraded. kinetics_flag=moderate_extrapolation. Agglomeration heuristic cannot PASS without validation. k_rel is not measured fracture conductivity."
T100_phi0.3_I0.22,ru_phosphite,FAIL,FAIL,0.4655061648847098,3.643643704437412,2.024246502465229,273.0466868420546,270,1.414117942869614,0.7,0.5384615384615384,relative to assumed k_open; not measured fracture conductivity,0.016851184382574047,0.5608813921123083,ASSUMED_FOR_SENSITIVITY heuristic; not a hard agglomeration PASS,PASS,FAIL,PASS,PASS,PASS,MARGINAL,UNKNOWN,MARGINAL,PASS,MARGINAL,True,UNVALIDATED_UNDER_CLOSURE,moderate_extrapolation,False,"{'mu_eff_cP': 0.47, 'd_particle_um': 270, 'SF_mech': 1.4, 'k_rel': 0.54}","T=100 C, φ=0.3, cat=1.0, inh=0.22, latency_extra=1.0, family=ru_phosphite. UNKNOWN never upgraded. kinetics_flag=moderate_extrapolation. Agglomeration heuristic cannot PASS without validation. k_rel is not measured fracture conductivity."
T100_phi0.3_I0.35,ru_phosphite,FAIL,FAIL,0.4655061648847098,5.167155545766505,2.8706419698702805,273.0466868420546,270,1.414117942869614,0.7,0.5384615384615384,relative to assumed k_open; not measured fracture conductivity,0.011882690842980992,0.5608813921123083,ASSUMED_FOR_SENSITIVITY heuristic; not a hard agglomeration PASS,PASS,FAIL,PASS,PASS,PASS,MARGINAL,UNKNOWN,MARGINAL,PASS,MARGINAL,True,UNVALIDATED_UNDER_CLOSURE,moderate_extrapolation,False,"{'mu_eff_cP': 0.47, 'd_particle_um': 270, 'SF_mech': 1.4, 'k_rel': 0.54}","T=100 C, φ=0.3, cat=1.0, inh=0.35, latency_extra=1.0, family=ru_phosphite. UNKNOWN never upgraded. kinetics_flag=moderate_extrapolation. Agglomeration heuristic cannot PASS without validation. k_rel is not measured fracture conductivity."
T120_phi0.08_I0.12,ru_phosphite,FAIL,FAIL,0.2868949270996067,0.6734507624325408,0.37413931246252263,273.0466868420546,270,1.0535178674378622,0.92,0.851851851851852,relative to assumed k_open; not measured fracture conductivity,0.0911717905939895,0.15130259041308233,ASSUMED_FOR_SENSITIVITY heuristic; not a hard agglomeration PASS,PASS,FAIL,PASS,MARGINAL,PASS,MARGINAL,UNKNOWN,MARGINAL,PASS,UNKNOWN,True,UNVALIDATED_UNDER_CLOSURE,severe_extrapolation_beyond_published_isothermal_gel_times,False,"{'mu_eff_cP': 0.29, 'd_particle_um': 270, 'SF_mech': 1.1, 'k_rel': 0.85}","T=120 C, φ=0.08, cat=1.0, inh=0.12, latency_extra=1.0, family=ru_phosphite. UNKNOWN never upgraded. kinetics_flag=severe_extrapolation_beyond_published_isothermal_gel_times. Agglomeration heuristic cannot PASS without validation. k_rel is not measured fracture conductivity."
T120_phi0.08_I0.22,ru_phosphite,FAIL,FAIL,0.2868949270996067,0.9927593135859004,0.5515329519921669,273.0466868420546,270,1.0535178674378622,0.92,0.851851851851852,relative to assumed k_open; not measured fracture conductivity,0.061847530461420774,0.15130259041308233,ASSUMED_FOR_SENSITIVITY heuristic; not a hard agglomeration PASS,PASS,FAIL,PASS,MARGINAL,PASS,MARGINAL,UNKNOWN,MARGINAL,PASS,UNKNOWN,True,UNVALIDATED_UNDER_CLOSURE,severe_extrapolation_beyond_published_isothermal_gel_times,False,"{'mu_eff_cP': 0.29, 'd_particle_um': 270, 'SF_mech': 1.1, 'k_rel': 0.85}","T=120 C, φ=0.08, cat=1.0, inh=0.22, latency_extra=1.0, family=ru_phosphite. UNKNOWN never upgraded. kinetics_flag=severe_extrapolation_beyond_published_isothermal_gel_times. Agglomeration heuristic cannot PASS without validation. k_rel is not measured fracture conductivity."
T120_phi0.08_I0.35,ru_phosphite,FAIL,FAIL,0.2868949270996067,1.4078604300852682,0.7821446833807045,273.0466868420546,270,1.0535178674378622,0.92,0.851851851851852,relative to assumed k_open; not measured fracture conductivity,0.04361207302639514,0.15130259041308233,ASSUMED_FOR_SENSITIVITY heuristic; not a hard agglomeration PASS,PASS,FAIL,PASS,MARGINAL,PASS,MARGINAL,UNKNOWN,MARGINAL,PASS,UNKNOWN,True,UNVALIDATED_UNDER_CLOSURE,severe_extrapolation_beyond_published_isothermal_gel_times,False,"{'mu_eff_cP': 0.29, 'd_particle_um': 270, 'SF_mech': 1.1, 'k_rel': 0.85}","T=120 C, φ=0.08, cat=1.0, inh=0.35, latency_extra=1.0, family=ru_phosphite. UNKNOWN never upgraded. kinetics_flag=severe_extrapolation_beyond_published_isothermal_gel_times. Agglomeration heuristic cannot PASS without validation. k_rel is not measured fracture conductivity."
T120_phi0.12_I0.12,ru_phosphite,FAIL,FAIL,0.30387858696317466,0.6734507624325408,0.37413931246252263,273.0466868420546,270,1.0535178674378622,0.88,0.7857142857142857,relative to assumed k_open; not measured fracture conductivity,0.0911717905939895,0.22695388561962349,ASSUMED_FOR_SENSITIVITY heuristic; not a hard agglomeration PASS,PASS,FAIL,PASS,MARGINAL,PASS,MARGINAL,UNKNOWN,MARGINAL,PASS,UNKNOWN,True,UNVALIDATED_UNDER_CLOSURE,severe_extrapolation_beyond_published_isothermal_gel_times,False,"{'mu_eff_cP': 0.3, 'd_particle_um': 270, 'SF_mech': 1.1, 'k_rel': 0.79}","T=120 C, φ=0.12, cat=1.0, inh=0.12, latency_extra=1.0, family=ru_phosphite. UNKNOWN never upgraded. kinetics_flag=severe_extrapolation_beyond_published_isothermal_gel_times. Agglomeration heuristic cannot PASS without validation. k_rel is not measured fracture conductivity."
T120_phi0.12_I0.22,ru_phosphite,FAIL,FAIL,0.30387858696317466,0.9927593135859004,0.5515329519921669,273.0466868420546,270,1.0535178674378622,0.88,0.7857142857142857,relative to assumed k_open; not measured fracture conductivity,0.061847530461420774,0.22695388561962349,ASSUMED_FOR_SENSITIVITY heuristic; not a hard agglomeration PASS,PASS,FAIL,PASS,MARGINAL,PASS,MARGINAL,UNKNOWN,MARGINAL,PASS,UNKNOWN,True,UNVALIDATED_UNDER_CLOSURE,severe_extrapolation_beyond_published_isothermal_gel_times,False,"{'mu_eff_cP': 0.3, 'd_particle_um': 270, 'SF_mech': 1.1, 'k_rel': 0.79}","T=120 C, φ=0.12, cat=1.0, inh=0.22, latency_extra=1.0, family=ru_phosphite. UNKNOWN never upgraded. kinetics_flag=severe_extrapolation_beyond_published_isothermal_gel_times. Agglomeration heuristic cannot PASS without validation. k_rel is not measured fracture conductivity."
T120_phi0.12_I0.35,ru_phosphite,FAIL,FAIL,0.30387858696317466,1.4078604300852682,0.7821446833807045,273.0466868420546,270,1.0535178674378622,0.88,0.7857142857142857,relative to assumed k_open; not measured fracture conductivity,0.04361207302639514,0.22695388561962349,ASSUMED_FOR_SENSITIVITY heuristic; not a hard agglomeration PASS,PASS,FAIL,PASS,MARGINAL,PASS,MARGINAL,UNKNOWN,MARGINAL,PASS,UNKNOWN,True,UNVALIDATED_UNDER_CLOSURE,severe_extrapolation_beyond_published_isothermal_gel_times,False,"{'mu_eff_cP': 0.3, 'd_particle_um': 270, 'SF_mech': 1.1, 'k_rel': 0.79}","T=120 C, φ=0.12, cat=1.0, inh=0.35, latency_extra=1.0, family=ru_phosphite. UNKNOWN never upgraded. kinetics_flag=severe_extrapolation_beyond_published_isothermal_gel_times. Agglomeration heuristic cannot PASS without validation. k_rel is not measured fracture conductivity."
T120_phi0.15_I0.12,ru_phosphite,FAIL,FAIL,0.3166163318608507,0.6734507624325408,0.37413931246252263,273.0466868420546,270,1.0535178674378622,0.85,0.7391304347826088,relative to assumed k_open; not measured fracture conductivity,0.0911717905939895,0.28369235702452933,ASSUMED_FOR_SENSITIVITY heuristic; not a hard agglomeration PASS,PASS,FAIL,PASS,MARGINAL,PASS,MARGINAL,UNKNOWN,MARGINAL,PASS,UNKNOWN,True,UNVALIDATED_UNDER_CLOSURE,severe_extrapolation_beyond_published_isothermal_gel_times,False,"{'mu_eff_cP': 0.32, 'd_particle_um': 270, 'SF_mech': 1.1, 'k_rel': 0.74}","T=120 C, φ=0.15, cat=1.0, inh=0.12, latency_extra=1.0, family=ru_phosphite. UNKNOWN never upgraded. kinetics_flag=severe_extrapolation_beyond_published_isothermal_gel_times. Agglomeration heuristic cannot PASS without validation. k_rel is not measured fracture conductivity."
T120_phi0.15_I0.22,ru_phosphite,FAIL,FAIL,0.3166163318608507,0.9927593135859004,0.5515329519921669,273.0466868420546,270,1.0535178674378622,0.85,0.7391304347826088,relative to assumed k_open; not measured fracture conductivity,0.061847530461420774,0.28369235702452933,ASSUMED_FOR_SENSITIVITY heuristic; not a hard agglomeration PASS,PASS,FAIL,PASS,MARGINAL,PASS,MARGINAL,UNKNOWN,MARGINAL,PASS,UNKNOWN,True,UNVALIDATED_UNDER_CLOSURE,severe_extrapolation_beyond_published_isothermal_gel_times,False,"{'mu_eff_cP': 0.32, 'd_particle_um': 270, 'SF_mech': 1.1, 'k_rel': 0.74}","T=120 C, φ=0.15, cat=1.0, inh=0.22, latency_extra=1.0, family=ru_phosphite. UNKNOWN never upgraded. kinetics_flag=severe_extrapolation_beyond_published_isothermal_gel_times. Agglomeration heuristic cannot PASS without validation. k_rel is not measured fracture conductivity."
T120_phi0.15_I0.35,ru_phosphite,FAIL,FAIL,0.3166163318608507,1.4078604300852682,0.7821446833807045,273.0466868420546,270,1.0535178674378622,0.85,0.7391304347826088,relative to assumed k_open; not measured fracture conductivity,0.04361207302639514,0.28369235702452933,ASSUMED_FOR_SENSITIVITY heuristic; not a hard agglomeration PASS,PASS,FAIL,PASS,MARGINAL,PASS,MARGINAL,UNKNOWN,MARGINAL,PASS,UNKNOWN,True,UNVALIDATED_UNDER_CLOSURE,severe_extrapolation_beyond_published_isothermal_gel_times,False,"{'mu_eff_cP': 0.32, 'd_particle_um': 270, 'SF_mech': 1.1, 'k_rel': 0.74}","T=120 C, φ=0.15, cat=1.0, inh=0.35, latency_extra=1.0, family=ru_phosphite. UNKNOWN never upgraded. kinetics_flag=severe_extrapolation_beyond_published_isothermal_gel_times. Agglomeration heuristic cannot PASS without validation. k_rel is not measured fracture conductivity."
T120_phi0.22_I0.12,ru_phosphite,FAIL,FAIL,0.33530966348645785,0.6734507624325408,0.37413931246252263,273.0466868420546,270,1.0535178674378622,0.78,0.639344262295082,relative to assumed k_open; not measured fracture conductivity,0.0911717905939895,0.4160821236359764,ASSUMED_FOR_SENSITIVITY heuristic; not a hard agglomeration PASS,PASS,FAIL,PASS,MARGINAL,PASS,MARGINAL,UNKNOWN,MARGINAL,PASS,UNKNOWN,True,UNVALIDATED_UNDER_CLOSURE,severe_extrapolation_beyond_published_isothermal_gel_times,False,"{'mu_eff_cP': 0.34, 'd_particle_um': 270, 'SF_mech': 1.1, 'k_rel': 0.64}","T=120 C, φ=0.22, cat=1.0, inh=0.12, latency_extra=1.0, family=ru_phosphite. UNKNOWN never upgraded. kinetics_flag=severe_extrapolation_beyond_published_isothermal_gel_times. Agglomeration heuristic cannot PASS without validation. k_rel is not measured fracture conductivity."
T120_phi0.22_I0.22,ru_phosphite,FAIL,FAIL,0.33530966348645785,0.9927593135859004,0.5515329519921669,273.0466868420546,270,1.0535178674378622,0.78,0.639344262295082,relative to assumed k_open; not measured fracture conductivity,0.061847530461420774,0.4160821236359764,ASSUMED_FOR_SENSITIVITY heuristic; not a hard agglomeration PASS,PASS,FAIL,PASS,MARGINAL,PASS,MARGINAL,UNKNOWN,MARGINAL,PASS,UNKNOWN,True,UNVALIDATED_UNDER_CLOSURE,severe_extrapolation_beyond_published_isothermal_gel_times,False,"{'mu_eff_cP': 0.34, 'd_particle_um': 270, 'SF_mech': 1.1, 'k_rel': 0.64}","T=120 C, φ=0.22, cat=1.0, inh=0.22, latency_extra=1.0, family=ru_phosphite. UNKNOWN never upgraded. kinetics_flag=severe_extrapolation_beyond_published_isothermal_gel_times. Agglomeration heuristic cannot PASS without validation. k_rel is not measured fracture conductivity."
T120_phi0.22_I0.35,ru_phosphite,FAIL,FAIL,0.33530966348645785,1.4078604300852682,0.7821446833807045,273.0466868420546,270,1.0535178674378622,0.78,0.639344262295082,relative to assumed k_open; not measured fracture conductivity,0.04361207302639514,0.4160821236359764,ASSUMED_FOR_SENSITIVITY heuristic; not a hard agglomeration PASS,PASS,FAIL,PASS,MARGINAL,PASS,MARGINAL,UNKNOWN,MARGINAL,PASS,UNKNOWN,True,UNVALIDATED_UNDER_CLOSURE,severe_extrapolation_beyond_published_isothermal_gel_times,False,"{'mu_eff_cP': 0.34, 'd_particle_um': 270, 'SF_mech': 1.1, 'k_rel': 0.64}","T=120 C, φ=0.22, cat=1.0, inh=0.35, latency_extra=1.0, family=ru_phosphite. UNKNOWN never upgraded. kinetics_flag=severe_extrapolation_beyond_published_isothermal_gel_times. Agglomeration heuristic cannot PASS without validation. k_rel is not measured fracture conductivity."
T120_phi0.3_I0.12,ru_phosphite,FAIL,FAIL,0.37963023529106377,0.6734507624325408,0.37413931246252263,273.0466868420546,270,1.0535178674378622,0.7,0.5384615384615384,relative to assumed k_open; not measured fracture conductivity,0.0911717905939895,0.5673847140490587,ASSUMED_FOR_SENSITIVITY heuristic; not a hard agglomeration PASS,PASS,FAIL,PASS,MARGINAL,PASS,MARGINAL,UNKNOWN,MARGINAL,PASS,UNKNOWN,True,UNVALIDATED_UNDER_CLOSURE,severe_extrapolation_beyond_published_isothermal_gel_times,False,"{'mu_eff_cP': 0.38, 'd_particle_um': 270, 'SF_mech': 1.1, 'k_rel': 0.54}","T=120 C, φ=0.3, cat=1.0, inh=0.12, latency_extra=1.0, family=ru_phosphite. UNKNOWN never upgraded. kinetics_flag=severe_extrapolation_beyond_published_isothermal_gel_times. Agglomeration heuristic cannot PASS without validation. k_rel is not measured fracture conductivity."
T120_phi0.3_I0.22,ru_phosphite,FAIL,FAIL,0.37963023529106377,0.9927593135859004,0.5515329519921669,273.0466868420546,270,1.0535178674378622,0.7,0.5384615384615384,relative to assumed k_open; not measured fracture conductivity,0.061847530461420774,0.5673847140490587,ASSUMED_FOR_SENSITIVITY heuristic; not a hard agglomeration PASS,PASS,FAIL,PASS,MARGINAL,PASS,MARGINAL,UNKNOWN,MARGINAL,PASS,UNKNOWN,True,UNVALIDATED_UNDER_CLOSURE,severe_extrapolation_beyond_published_isothermal_gel_times,False,"{'mu_eff_cP': 0.38, 'd_particle_um': 270, 'SF_mech': 1.1, 'k_rel': 0.54}","T=120 C, φ=0.3, cat=1.0, inh=0.22, latency_extra=1.0, family=ru_phosphite. UNKNOWN never upgraded. kinetics_flag=severe_extrapolation_beyond_published_isothermal_gel_times. Agglomeration heuristic cannot PASS without validation. k_rel is not measured fracture conductivity."
T120_phi0.3_I0.35,ru_phosphite,FAIL,FAIL,0.37963023529106377,1.4078604300852682,0.7821446833807045,273.0466868420546,270,1.0535178674378622,0.7,0.5384615384615384,relative to assumed k_open; not measured fracture conductivity,0.04361207302639514,0.5673847140490587,ASSUMED_FOR_SENSITIVITY heuristic; not a hard agglomeration PASS,PASS,FAIL,PASS,MARGINAL,PASS,MARGINAL,UNKNOWN,MARGINAL,PASS,UNKNOWN,True,UNVALIDATED_UNDER_CLOSURE,severe_extrapolation_beyond_published_isothermal_gel_times,False,"{'mu_eff_cP': 0.38, 'd_particle_um': 270, 'SF_mech': 1.1, 'k_rel': 0.54}","T=120 C, φ=0.3, cat=1.0, inh=0.35, latency_extra=1.0, family=ru_phosphite. UNKNOWN never upgraded. kinetics_flag=severe_extrapolation_beyond_published_isothermal_gel_times. Agglomeration heuristic cannot PASS without validation. k_rel is not measured fracture conductivity."
T150_phi0.08_I0.12,ru_phosphite,FAIL,FAIL,0.22543936378329563,0.12060217529945999,0.0670012084997,273.0466868420546,270,0.33231771657435927,0.92,0.851851851851852,relative to assumed k_open; not measured fracture conductivity,0.509109489405148,0.15307017351239105,ASSUMED_FOR_SENSITIVITY heuristic; not a hard agglomeration PASS,PASS,FAIL,PASS,UNKNOWN,PASS,MARGINAL,UNKNOWN,MARGINAL,PASS,UNKNOWN,True,UNVALIDATED_UNDER_CLOSURE,severe_extrapolation_beyond_published_isothermal_gel_times,True,"{'mu_eff_cP': 0.23, 'd_particle_um': 270, 'SF_mech': 0.3, 'k_rel': 0.85}","T=150 C, φ=0.08, cat=1.0, inh=0.12, latency_extra=1.0, family=ru_phosphite. UNKNOWN never upgraded. kinetics_flag=severe_extrapolation_beyond_published_isothermal_gel_times. Agglomeration heuristic cannot PASS without validation. k_rel is not measured fracture conductivity."
T150_phi0.08_I0.22,ru_phosphite,FAIL,FAIL,0.22543936378329563,0.17778424117420397,0.09876902287455774,273.0466868420546,270,0.33231771657435927,0.92,0.851851851851852,relative to assumed k_open; not measured fracture conductivity,0.3453608232222223,0.15307017351239105,ASSUMED_FOR_SENSITIVITY heuristic; not a hard agglomeration PASS,PASS,FAIL,PASS,UNKNOWN,PASS,MARGINAL,UNKNOWN,MARGINAL,PASS,UNKNOWN,True,UNVALIDATED_UNDER_CLOSURE,severe_extrapolation_beyond_published_isothermal_gel_times,True,"{'mu_eff_cP': 0.23, 'd_particle_um': 270, 'SF_mech': 0.3, 'k_rel': 0.85}","T=150 C, φ=0.08, cat=1.0, inh=0.22, latency_extra=1.0, family=ru_phosphite. UNKNOWN never upgraded. kinetics_flag=severe_extrapolation_beyond_published_isothermal_gel_times. Agglomeration heuristic cannot PASS without validation. k_rel is not measured fracture conductivity."
T150_phi0.08_I0.35,ru_phosphite,FAIL,FAIL,0.22543936378329563,0.25212092681137105,0.1400671815618728,273.0466868420546,270,0.33231771657435927,0.92,0.851851851851852,relative to assumed k_open; not measured fracture conductivity,0.2435327866845114,0.15307017351239105,ASSUMED_FOR_SENSITIVITY heuristic; not a hard agglomeration PASS,PASS,FAIL,PASS,UNKNOWN,PASS,MARGINAL,UNKNOWN,MARGINAL,PASS,UNKNOWN,True,UNVALIDATED_UNDER_CLOSURE,severe_extrapolation_beyond_published_isothermal_gel_times,True,"{'mu_eff_cP': 0.23, 'd_particle_um': 270, 'SF_mech': 0.3, 'k_rel': 0.85}","T=150 C, φ=0.08, cat=1.0, inh=0.35, latency_extra=1.0, family=ru_phosphite. UNKNOWN never upgraded. kinetics_flag=severe_extrapolation_beyond_published_isothermal_gel_times. Agglomeration heuristic cannot PASS without validation. k_rel is not measured fracture conductivity."
T150_phi0.12_I0.12,ru_phosphite,FAIL,FAIL,0.2385601628690413,0.12060217529945999,0.0670012084997,273.0466868420546,270,0.33231771657435927,0.88,0.7857142857142857,relative to assumed k_open; not measured fracture conductivity,0.509109489405148,0.22960526026858655,ASSUMED_FOR_SENSITIVITY heuristic; not a hard agglomeration PASS,PASS,FAIL,PASS,UNKNOWN,PASS,MARGINAL,UNKNOWN,MARGINAL,PASS,UNKNOWN,True,UNVALIDATED_UNDER_CLOSURE,severe_extrapolation_beyond_published_isothermal_gel_times,True,"{'mu_eff_cP': 0.24, 'd_particle_um': 270, 'SF_mech': 0.3, 'k_rel': 0.79}","T=150 C, φ=0.12, cat=1.0, inh=0.12, latency_extra=1.0, family=ru_phosphite. UNKNOWN never upgraded. kinetics_flag=severe_extrapolation_beyond_published_isothermal_gel_times. Agglomeration heuristic cannot PASS without validation. k_rel is not measured fracture conductivity."
T150_phi0.12_I0.22,ru_phosphite,FAIL,FAIL,0.2385601628690413,0.17778424117420397,0.09876902287455774,273.0466868420546,270,0.33231771657435927,0.88,0.7857142857142857,relative to assumed k_open; not measured fracture conductivity,0.3453608232222223,0.22960526026858655,ASSUMED_FOR_SENSITIVITY heuristic; not a hard agglomeration PASS,PASS,FAIL,PASS,UNKNOWN,PASS,MARGINAL,UNKNOWN,MARGINAL,PASS,UNKNOWN,True,UNVALIDATED_UNDER_CLOSURE,severe_extrapolation_beyond_published_isothermal_gel_times,True,"{'mu_eff_cP': 0.24, 'd_particle_um': 270, 'SF_mech': 0.3, 'k_rel': 0.79}","T=150 C, φ=0.12, cat=1.0, inh=0.22, latency_extra=1.0, family=ru_phosphite. UNKNOWN never upgraded. kinetics_flag=severe_extrapolation_beyond_published_isothermal_gel_times. Agglomeration heuristic cannot PASS without validation. k_rel is not measured fracture conductivity."
T150_phi0.12_I0.35,ru_phosphite,FAIL,FAIL,0.2385601628690413,0.25212092681137105,0.1400671815618728,273.0466868420546,270,0.33231771657435927,0.88,0.7857142857142857,relative to assumed k_open; not measured fracture conductivity,0.2435327866845114,0.22960526026858655,ASSUMED_FOR_SENSITIVITY heuristic; not a hard agglomeration PASS,PASS,FAIL,PASS,UNKNOWN,PASS,MARGINAL,UNKNOWN,MARGINAL,PASS,UNKNOWN,True,UNVALIDATED_UNDER_CLOSURE,severe_extrapolation_beyond_published_isothermal_gel_times,True,"{'mu_eff_cP': 0.24, 'd_particle_um': 270, 'SF_mech': 0.3, 'k_rel': 0.79}","T=150 C, φ=0.12, cat=1.0, inh=0.35, latency_extra=1.0, family=ru_phosphite. UNKNOWN never upgraded. kinetics_flag=severe_extrapolation_beyond_published_isothermal_gel_times. Agglomeration heuristic cannot PASS without validation. k_rel is not measured fracture conductivity."
T150_phi0.15_I0.12,ru_phosphite,FAIL,FAIL,0.24840076218335058,0.12060217529945999,0.0670012084997,273.0466868420546,270,0.33231771657435927,0.85,0.7391304347826088,relative to assumed k_open; not measured fracture conductivity,0.509109489405148,0.2870065753357332,ASSUMED_FOR_SENSITIVITY heuristic; not a hard agglomeration PASS,PASS,FAIL,PASS,UNKNOWN,PASS,MARGINAL,UNKNOWN,MARGINAL,PASS,UNKNOWN,True,UNVALIDATED_UNDER_CLOSURE,severe_extrapolation_beyond_published_isothermal_gel_times,True,"{'mu_eff_cP': 0.25, 'd_particle_um': 270, 'SF_mech': 0.3, 'k_rel': 0.74}","T=150 C, φ=0.15, cat=1.0, inh=0.12, latency_extra=1.0, family=ru_phosphite. UNKNOWN never upgraded. kinetics_flag=severe_extrapolation_beyond_published_isothermal_gel_times. Agglomeration heuristic cannot PASS without validation. k_rel is not measured fracture conductivity."
T150_phi0.15_I0.22,ru_phosphite,FAIL,FAIL,0.24840076218335058,0.17778424117420397,0.09876902287455774,273.0466868420546,270,0.33231771657435927,0.85,0.7391304347826088,relative to assumed k_open; not measured fracture conductivity,0.3453608232222223,0.2870065753357332,ASSUMED_FOR_SENSITIVITY heuristic; not a hard agglomeration PASS,PASS,FAIL,PASS,UNKNOWN,PASS,MARGINAL,UNKNOWN,MARGINAL,PASS,UNKNOWN,True,UNVALIDATED_UNDER_CLOSURE,severe_extrapolation_beyond_published_isothermal_gel_times,True,"{'mu_eff_cP': 0.25, 'd_particle_um': 270, 'SF_mech': 0.3, 'k_rel': 0.74}","T=150 C, φ=0.15, cat=1.0, inh=0.22, latency_extra=1.0, family=ru_phosphite. UNKNOWN never upgraded. kinetics_flag=severe_extrapolation_beyond_published_isothermal_gel_times. Agglomeration heuristic cannot PASS without validation. k_rel is not measured fracture conductivity."
T150_phi0.15_I0.35,ru_phosphite,FAIL,FAIL,0.24840076218335058,0.25212092681137105,0.1400671815618728,273.0466868420546,270,0.33231771657435927,0.85,0.7391304347826088,relative to assumed k_open; not measured fracture conductivity,0.2435327866845114,0.2870065753357332,ASSUMED_FOR_SENSITIVITY heuristic; not a hard agglomeration PASS,PASS,FAIL,PASS,UNKNOWN,PASS,MARGINAL,UNKNOWN,MARGINAL,PASS,UNKNOWN,True,UNVALIDATED_UNDER_CLOSURE,severe_extrapolation_beyond_published_isothermal_gel_times,True,"{'mu_eff_cP': 0.25, 'd_particle_um': 270, 'SF_mech': 0.3, 'k_rel': 0.74}","T=150 C, φ=0.15, cat=1.0, inh=0.35, latency_extra=1.0, family=ru_phosphite. UNKNOWN never upgraded. kinetics_flag=severe_extrapolation_beyond_published_isothermal_gel_times. Agglomeration heuristic cannot PASS without validation. k_rel is not measured fracture conductivity."
T150_phi0.22_I0.12,ru_phosphite,FAIL,FAIL,0.2610892426561186,0.12060217529945999,0.0670012084997,273.0466868420546,270,0.33231771657435927,0.78,0.639344262295082,relative to assumed k_open; not measured fracture conductivity,0.509109489405148,0.42094297715907536,ASSUMED_FOR_SENSITIVITY heuristic; not a hard agglomeration PASS,PASS,FAIL,PASS,UNKNOWN,PASS,MARGINAL,UNKNOWN,MARGINAL,PASS,UNKNOWN,True,UNVALIDATED_UNDER_CLOSURE,severe_extrapolation_beyond_published_isothermal_gel_times,True,"{'mu_eff_cP': 0.26, 'd_particle_um': 270, 'SF_mech': 0.3, 'k_rel': 0.64}","T=150 C, φ=0.22, cat=1.0, inh=0.12, latency_extra=1.0, family=ru_phosphite. UNKNOWN never upgraded. kinetics_flag=severe_extrapolation_beyond_published_isothermal_gel_times. Agglomeration heuristic cannot PASS without validation. k_rel is not measured fracture conductivity."
T150_phi0.22_I0.22,ru_phosphite,FAIL,FAIL,0.2610892426561186,0.17778424117420397,0.09876902287455774,273.0466868420546,270,0.33231771657435927,0.78,0.639344262295082,relative to assumed k_open; not measured fracture conductivity,0.3453608232222223,0.42094297715907536,ASSUMED_FOR_SENSITIVITY heuristic; not a hard agglomeration PASS,PASS,FAIL,PASS,UNKNOWN,PASS,MARGINAL,UNKNOWN,MARGINAL,PASS,UNKNOWN,True,UNVALIDATED_UNDER_CLOSURE,severe_extrapolation_beyond_published_isothermal_gel_times,True,"{'mu_eff_cP': 0.26, 'd_particle_um': 270, 'SF_mech': 0.3, 'k_rel': 0.64}","T=150 C, φ=0.22, cat=1.0, inh=0.22, latency_extra=1.0, family=ru_phosphite. UNKNOWN never upgraded. kinetics_flag=severe_extrapolation_beyond_published_isothermal_gel_times. Agglomeration heuristic cannot PASS without validation. k_rel is not measured fracture conductivity."
T150_phi0.22_I0.35,ru_phosphite,FAIL,FAIL,0.2610892426561186,0.25212092681137105,0.1400671815618728,273.0466868420546,270,0.33231771657435927,0.78,0.639344262295082,relative to assumed k_open; not measured fracture conductivity,0.2435327866845114,0.42094297715907536,ASSUMED_FOR_SENSITIVITY heuristic; not a hard agglomeration PASS,PASS,FAIL,PASS,UNKNOWN,PASS,MARGINAL,UNKNOWN,MARGINAL,PASS,UNKNOWN,True,UNVALIDATED_UNDER_CLOSURE,severe_extrapolation_beyond_published_isothermal_gel_times,True,"{'mu_eff_cP': 0.26, 'd_particle_um': 270, 'SF_mech': 0.3, 'k_rel': 0.64}","T=150 C, φ=0.22, cat=1.0, inh=0.35, latency_extra=1.0, family=ru_phosphite. UNKNOWN never upgraded. kinetics_flag=severe_extrapolation_beyond_published_isothermal_gel_times. Agglomeration heuristic cannot PASS without validation. k_rel is not measured fracture conductivity."
T150_phi0.3_I0.12,ru_phosphite,FAIL,FAIL,0.2939654939307457,0.12060217529945999,0.0670012084997,273.0466868420546,270,0.33231771657435927,0.7,0.5384615384615384,relative to assumed k_open; not measured fracture conductivity,0.509109489405148,0.5740131506714664,ASSUMED_FOR_SENSITIVITY heuristic; not a hard agglomeration PASS,PASS,FAIL,PASS,UNKNOWN,PASS,MARGINAL,UNKNOWN,MARGINAL,PASS,UNKNOWN,True,UNVALIDATED_UNDER_CLOSURE,severe_extrapolation_beyond_published_isothermal_gel_times,True,"{'mu_eff_cP': 0.29, 'd_particle_um': 270, 'SF_mech': 0.3, 'k_rel': 0.54}","T=150 C, φ=0.3, cat=1.0, inh=0.12, latency_extra=1.0, family=ru_phosphite. UNKNOWN never upgraded. kinetics_flag=severe_extrapolation_beyond_published_isothermal_gel_times. Agglomeration heuristic cannot PASS without validation. k_rel is not measured fracture conductivity."
T150_phi0.3_I0.22,ru_phosphite,FAIL,FAIL,0.2939654939307457,0.17778424117420397,0.09876902287455774,273.0466868420546,270,0.33231771657435927,0.7,0.5384615384615384,relative to assumed k_open; not measured fracture conductivity,0.3453608232222223,0.5740131506714664,ASSUMED_FOR_SENSITIVITY heuristic; not a hard agglomeration PASS,PASS,FAIL,PASS,UNKNOWN,PASS,MARGINAL,UNKNOWN,MARGINAL,PASS,UNKNOWN,True,UNVALIDATED_UNDER_CLOSURE,severe_extrapolation_beyond_published_isothermal_gel_times,True,"{'mu_eff_cP': 0.29, 'd_particle_um': 270, 'SF_mech': 0.3, 'k_rel': 0.54}","T=150 C, φ=0.3, cat=1.0, inh=0.22, latency_extra=1.0, family=ru_phosphite. UNKNOWN never upgraded. kinetics_flag=severe_extrapolation_beyond_published_isothermal_gel_times. Agglomeration heuristic cannot PASS without validation. k_rel is not measured fracture conductivity."
T150_phi0.3_I0.35,ru_phosphite,FAIL,FAIL,0.2939654939307457,0.25212092681137105,0.1400671815618728,273.0466868420546,270,0.33231771657435927,0.7,0.5384615384615384,relative to assumed k_open; not measured fracture conductivity,0.2435327866845114,0.5740131506714664,ASSUMED_FOR_SENSITIVITY heuristic; not a hard agglomeration PASS,PASS,FAIL,PASS,UNKNOWN,PASS,MARGINAL,UNKNOWN,MARGINAL,PASS,UNKNOWN,True,UNVALIDATED_UNDER_CLOSURE,severe_extrapolation_beyond_published_isothermal_gel_times,True,"{'mu_eff_cP': 0.29, 'd_particle_um': 270, 'SF_mech': 0.3, 'k_rel': 0.54}","T=150 C, φ=0.3, cat=1.0, inh=0.35, latency_extra=1.0, family=ru_phosphite. UNKNOWN never upgraded. kinetics_flag=severe_extrapolation_beyond_published_isothermal_gel_times. Agglomeration heuristic cannot PASS without validation. k_rel is not measured fracture conductivity."
