diameter_um,D_mode,diffusion_model,activator_activity,temperature_C,t_partition_min,t_diffusion_min,t_activation_min,t_polymerization_min,t_post_trigger_particle_min,t_trigger_arrival_min,t_trigger_arrival_tag,t_total_after_initial_pumping_min,in_challenge_window_from_pumping,in_window_from_contact,t_arr_min_allowable_min,t_arr_max_allowable_min,envelope_feasible,status,pathway,uncertainty,dispersion_5min_entire_band_in_window,dispersion_10min_entire_band_in_window,dispersion_15min_entire_band_in_window
70.0,lee_ambient,lee_ambient,1.0,150.0,2.0,0.10395059582832274,10.0,15.0,27.103950595828323,0.0,ASSUMED_FOR_DEPLOYMENT_SCENARIO,27.103950595828323,True,True,0.0,47.89604940417168,True,UNKNOWN,PLAUSIBLE_CANDIDATE,Lee D is ambient; partition/activation/poly are analogue/ASSUMED; trigger arrival is operational ASSUMED_FOR_DEPLOYMENT_SCENARIO; front dispersion ASSUMED_FOR_SENSITIVITY ±5/10/15 min.,False,False,False
70.0,lee_ambient,lee_ambient,1.0,150.0,2.0,0.10395059582832274,10.0,15.0,27.103950595828323,5.0,ASSUMED_FOR_DEPLOYMENT_SCENARIO,32.10395059582832,True,True,0.0,47.89604940417168,True,UNKNOWN,PLAUSIBLE_CANDIDATE,Lee D is ambient; partition/activation/poly are analogue/ASSUMED; trigger arrival is operational ASSUMED_FOR_DEPLOYMENT_SCENARIO; front dispersion ASSUMED_FOR_SENSITIVITY ±5/10/15 min.,True,False,False
70.0,lee_ambient,lee_ambient,1.0,150.0,2.0,0.10395059582832274,10.0,15.0,27.103950595828323,10.0,ASSUMED_FOR_DEPLOYMENT_SCENARIO,37.10395059582832,True,True,0.0,47.89604940417168,True,UNKNOWN,PLAUSIBLE_CANDIDATE,Lee D is ambient; partition/activation/poly are analogue/ASSUMED; trigger arrival is operational ASSUMED_FOR_DEPLOYMENT_SCENARIO; front dispersion ASSUMED_FOR_SENSITIVITY ±5/10/15 min.,True,True,False
70.0,lee_ambient,lee_ambient,1.0,150.0,2.0,0.10395059582832274,10.0,15.0,27.103950595828323,15.0,ASSUMED_FOR_DEPLOYMENT_SCENARIO,42.10395059582832,True,True,0.0,47.89604940417168,True,UNKNOWN,PLAUSIBLE_CANDIDATE,Lee D is ambient; partition/activation/poly are analogue/ASSUMED; trigger arrival is operational ASSUMED_FOR_DEPLOYMENT_SCENARIO; front dispersion ASSUMED_FOR_SENSITIVITY ±5/10/15 min.,True,True,True
70.0,lee_ambient,lee_ambient,1.0,150.0,2.0,0.10395059582832274,10.0,15.0,27.103950595828323,20.0,ASSUMED_FOR_DEPLOYMENT_SCENARIO,47.10395059582832,True,True,0.0,47.89604940417168,True,UNKNOWN,PLAUSIBLE_CANDIDATE,Lee D is ambient; partition/activation/poly are analogue/ASSUMED; trigger arrival is operational ASSUMED_FOR_DEPLOYMENT_SCENARIO; front dispersion ASSUMED_FOR_SENSITIVITY ±5/10/15 min.,True,True,True
70.0,lee_ambient,lee_ambient,1.0,150.0,2.0,0.10395059582832274,10.0,15.0,27.103950595828323,25.0,ASSUMED_FOR_DEPLOYMENT_SCENARIO,52.10395059582832,True,True,0.0,47.89604940417168,True,UNKNOWN,PLAUSIBLE_CANDIDATE,Lee D is ambient; partition/activation/poly are analogue/ASSUMED; trigger arrival is operational ASSUMED_FOR_DEPLOYMENT_SCENARIO; front dispersion ASSUMED_FOR_SENSITIVITY ±5/10/15 min.,True,True,True
70.0,lee_ambient,lee_ambient,1.0,150.0,2.0,0.10395059582832274,10.0,15.0,27.103950595828323,30.0,ASSUMED_FOR_DEPLOYMENT_SCENARIO,57.10395059582832,True,True,0.0,47.89604940417168,True,UNKNOWN,PLAUSIBLE_CANDIDATE,Lee D is ambient; partition/activation/poly are analogue/ASSUMED; trigger arrival is operational ASSUMED_FOR_DEPLOYMENT_SCENARIO; front dispersion ASSUMED_FOR_SENSITIVITY ±5/10/15 min.,True,True,True
70.0,lee_ambient,lee_ambient,1.0,150.0,2.0,0.10395059582832274,10.0,15.0,27.103950595828323,35.0,ASSUMED_FOR_DEPLOYMENT_SCENARIO,62.10395059582832,True,True,0.0,47.89604940417168,True,UNKNOWN,PLAUSIBLE_CANDIDATE,Lee D is ambient; partition/activation/poly are analogue/ASSUMED; trigger arrival is operational ASSUMED_FOR_DEPLOYMENT_SCENARIO; front dispersion ASSUMED_FOR_SENSITIVITY ±5/10/15 min.,True,True,False
70.0,lee_ambient,lee_ambient,1.0,150.0,2.0,0.10395059582832274,10.0,15.0,27.103950595828323,40.0,ASSUMED_FOR_DEPLOYMENT_SCENARIO,67.10395059582832,True,True,0.0,47.89604940417168,True,UNKNOWN,PLAUSIBLE_CANDIDATE,Lee D is ambient; partition/activation/poly are analogue/ASSUMED; trigger arrival is operational ASSUMED_FOR_DEPLOYMENT_SCENARIO; front dispersion ASSUMED_FOR_SENSITIVITY ±5/10/15 min.,True,False,False
70.0,lee_ambient,lee_ambient,1.0,150.0,2.0,0.10395059582832274,10.0,15.0,27.103950595828323,45.0,ASSUMED_FOR_DEPLOYMENT_SCENARIO,72.10395059582832,True,True,0.0,47.89604940417168,True,UNKNOWN,PLAUSIBLE_CANDIDATE,Lee D is ambient; partition/activation/poly are analogue/ASSUMED; trigger arrival is operational ASSUMED_FOR_DEPLOYMENT_SCENARIO; front dispersion ASSUMED_FOR_SENSITIVITY ±5/10/15 min.,False,False,False
70.0,lee_ambient,lee_ambient,1.0,150.0,2.0,0.10395059582832274,10.0,15.0,27.103950595828323,50.0,ASSUMED_FOR_DEPLOYMENT_SCENARIO,77.10395059582832,False,True,0.0,47.89604940417168,True,UNKNOWN,OUTSIDE_WINDOW_OR_UNCONSTRAINED,Lee D is ambient; partition/activation/poly are analogue/ASSUMED; trigger arrival is operational ASSUMED_FOR_DEPLOYMENT_SCENARIO; front dispersion ASSUMED_FOR_SENSITIVITY ±5/10/15 min.,False,False,False
70.0,lee_ambient,lee_ambient,1.0,150.0,2.0,0.10395059582832274,10.0,15.0,27.103950595828323,55.0,ASSUMED_FOR_DEPLOYMENT_SCENARIO,82.10395059582832,False,True,0.0,47.89604940417168,True,UNKNOWN,OUTSIDE_WINDOW_OR_UNCONSTRAINED,Lee D is ambient; partition/activation/poly are analogue/ASSUMED; trigger arrival is operational ASSUMED_FOR_DEPLOYMENT_SCENARIO; front dispersion ASSUMED_FOR_SENSITIVITY ±5/10/15 min.,False,False,False
70.0,lee_ambient,lee_ambient,1.0,150.0,2.0,0.10395059582832274,10.0,15.0,27.103950595828323,60.0,ASSUMED_FOR_DEPLOYMENT_SCENARIO,87.10395059582832,False,True,0.0,47.89604940417168,True,UNKNOWN,OUTSIDE_WINDOW_OR_UNCONSTRAINED,Lee D is ambient; partition/activation/poly are analogue/ASSUMED; trigger arrival is operational ASSUMED_FOR_DEPLOYMENT_SCENARIO; front dispersion ASSUMED_FOR_SENSITIVITY ±5/10/15 min.,False,False,False
100.0,lee_ambient,lee_ambient,1.0,150.0,2.0,0.21214407311902603,10.0,15.0,27.212144073119028,0.0,ASSUMED_FOR_DEPLOYMENT_SCENARIO,27.212144073119028,True,True,0.0,47.78785592688097,True,UNKNOWN,PLAUSIBLE_CANDIDATE,Lee D is ambient; partition/activation/poly are analogue/ASSUMED; trigger arrival is operational ASSUMED_FOR_DEPLOYMENT_SCENARIO; front dispersion ASSUMED_FOR_SENSITIVITY ±5/10/15 min.,False,False,False
100.0,lee_ambient,lee_ambient,1.0,150.0,2.0,0.21214407311902603,10.0,15.0,27.212144073119028,5.0,ASSUMED_FOR_DEPLOYMENT_SCENARIO,32.21214407311903,True,True,0.0,47.78785592688097,True,UNKNOWN,PLAUSIBLE_CANDIDATE,Lee D is ambient; partition/activation/poly are analogue/ASSUMED; trigger arrival is operational ASSUMED_FOR_DEPLOYMENT_SCENARIO; front dispersion ASSUMED_FOR_SENSITIVITY ±5/10/15 min.,True,False,False
100.0,lee_ambient,lee_ambient,1.0,150.0,2.0,0.21214407311902603,10.0,15.0,27.212144073119028,10.0,ASSUMED_FOR_DEPLOYMENT_SCENARIO,37.21214407311903,True,True,0.0,47.78785592688097,True,UNKNOWN,PLAUSIBLE_CANDIDATE,Lee D is ambient; partition/activation/poly are analogue/ASSUMED; trigger arrival is operational ASSUMED_FOR_DEPLOYMENT_SCENARIO; front dispersion ASSUMED_FOR_SENSITIVITY ±5/10/15 min.,True,True,False
100.0,lee_ambient,lee_ambient,1.0,150.0,2.0,0.21214407311902603,10.0,15.0,27.212144073119028,15.0,ASSUMED_FOR_DEPLOYMENT_SCENARIO,42.21214407311903,True,True,0.0,47.78785592688097,True,UNKNOWN,PLAUSIBLE_CANDIDATE,Lee D is ambient; partition/activation/poly are analogue/ASSUMED; trigger arrival is operational ASSUMED_FOR_DEPLOYMENT_SCENARIO; front dispersion ASSUMED_FOR_SENSITIVITY ±5/10/15 min.,True,True,True
100.0,lee_ambient,lee_ambient,1.0,150.0,2.0,0.21214407311902603,10.0,15.0,27.212144073119028,20.0,ASSUMED_FOR_DEPLOYMENT_SCENARIO,47.21214407311903,True,True,0.0,47.78785592688097,True,UNKNOWN,PLAUSIBLE_CANDIDATE,Lee D is ambient; partition/activation/poly are analogue/ASSUMED; trigger arrival is operational ASSUMED_FOR_DEPLOYMENT_SCENARIO; front dispersion ASSUMED_FOR_SENSITIVITY ±5/10/15 min.,True,True,True
100.0,lee_ambient,lee_ambient,1.0,150.0,2.0,0.21214407311902603,10.0,15.0,27.212144073119028,25.0,ASSUMED_FOR_DEPLOYMENT_SCENARIO,52.21214407311903,True,True,0.0,47.78785592688097,True,UNKNOWN,PLAUSIBLE_CANDIDATE,Lee D is ambient; partition/activation/poly are analogue/ASSUMED; trigger arrival is operational ASSUMED_FOR_DEPLOYMENT_SCENARIO; front dispersion ASSUMED_FOR_SENSITIVITY ±5/10/15 min.,True,True,True
100.0,lee_ambient,lee_ambient,1.0,150.0,2.0,0.21214407311902603,10.0,15.0,27.212144073119028,30.0,ASSUMED_FOR_DEPLOYMENT_SCENARIO,57.21214407311903,True,True,0.0,47.78785592688097,True,UNKNOWN,PLAUSIBLE_CANDIDATE,Lee D is ambient; partition/activation/poly are analogue/ASSUMED; trigger arrival is operational ASSUMED_FOR_DEPLOYMENT_SCENARIO; front dispersion ASSUMED_FOR_SENSITIVITY ±5/10/15 min.,True,True,True
100.0,lee_ambient,lee_ambient,1.0,150.0,2.0,0.21214407311902603,10.0,15.0,27.212144073119028,35.0,ASSUMED_FOR_DEPLOYMENT_SCENARIO,62.21214407311903,True,True,0.0,47.78785592688097,True,UNKNOWN,PLAUSIBLE_CANDIDATE,Lee D is ambient; partition/activation/poly are analogue/ASSUMED; trigger arrival is operational ASSUMED_FOR_DEPLOYMENT_SCENARIO; front dispersion ASSUMED_FOR_SENSITIVITY ±5/10/15 min.,True,True,False
100.0,lee_ambient,lee_ambient,1.0,150.0,2.0,0.21214407311902603,10.0,15.0,27.212144073119028,40.0,ASSUMED_FOR_DEPLOYMENT_SCENARIO,67.21214407311903,True,True,0.0,47.78785592688097,True,UNKNOWN,PLAUSIBLE_CANDIDATE,Lee D is ambient; partition/activation/poly are analogue/ASSUMED; trigger arrival is operational ASSUMED_FOR_DEPLOYMENT_SCENARIO; front dispersion ASSUMED_FOR_SENSITIVITY ±5/10/15 min.,True,False,False
100.0,lee_ambient,lee_ambient,1.0,150.0,2.0,0.21214407311902603,10.0,15.0,27.212144073119028,45.0,ASSUMED_FOR_DEPLOYMENT_SCENARIO,72.21214407311903,True,True,0.0,47.78785592688097,True,UNKNOWN,PLAUSIBLE_CANDIDATE,Lee D is ambient; partition/activation/poly are analogue/ASSUMED; trigger arrival is operational ASSUMED_FOR_DEPLOYMENT_SCENARIO; front dispersion ASSUMED_FOR_SENSITIVITY ±5/10/15 min.,False,False,False
100.0,lee_ambient,lee_ambient,1.0,150.0,2.0,0.21214407311902603,10.0,15.0,27.212144073119028,50.0,ASSUMED_FOR_DEPLOYMENT_SCENARIO,77.21214407311903,False,True,0.0,47.78785592688097,True,UNKNOWN,OUTSIDE_WINDOW_OR_UNCONSTRAINED,Lee D is ambient; partition/activation/poly are analogue/ASSUMED; trigger arrival is operational ASSUMED_FOR_DEPLOYMENT_SCENARIO; front dispersion ASSUMED_FOR_SENSITIVITY ±5/10/15 min.,False,False,False
100.0,lee_ambient,lee_ambient,1.0,150.0,2.0,0.21214407311902603,10.0,15.0,27.212144073119028,55.0,ASSUMED_FOR_DEPLOYMENT_SCENARIO,82.21214407311903,False,True,0.0,47.78785592688097,True,UNKNOWN,OUTSIDE_WINDOW_OR_UNCONSTRAINED,Lee D is ambient; partition/activation/poly are analogue/ASSUMED; trigger arrival is operational ASSUMED_FOR_DEPLOYMENT_SCENARIO; front dispersion ASSUMED_FOR_SENSITIVITY ±5/10/15 min.,False,False,False
100.0,lee_ambient,lee_ambient,1.0,150.0,2.0,0.21214407311902603,10.0,15.0,27.212144073119028,60.0,ASSUMED_FOR_DEPLOYMENT_SCENARIO,87.21214407311903,False,True,0.0,47.78785592688097,True,UNKNOWN,OUTSIDE_WINDOW_OR_UNCONSTRAINED,Lee D is ambient; partition/activation/poly are analogue/ASSUMED; trigger arrival is operational ASSUMED_FOR_DEPLOYMENT_SCENARIO; front dispersion ASSUMED_FOR_SENSITIVITY ±5/10/15 min.,False,False,False
150.0,lee_ambient,lee_ambient,1.0,150.0,2.0,0.4773241645178085,10.0,15.0,27.47732416451781,0.0,ASSUMED_FOR_DEPLOYMENT_SCENARIO,27.47732416451781,True,True,0.0,47.52267583548219,True,UNKNOWN,PLAUSIBLE_CANDIDATE,Lee D is ambient; partition/activation/poly are analogue/ASSUMED; trigger arrival is operational ASSUMED_FOR_DEPLOYMENT_SCENARIO; front dispersion ASSUMED_FOR_SENSITIVITY ±5/10/15 min.,False,False,False
150.0,lee_ambient,lee_ambient,1.0,150.0,2.0,0.4773241645178085,10.0,15.0,27.47732416451781,5.0,ASSUMED_FOR_DEPLOYMENT_SCENARIO,32.47732416451781,True,True,0.0,47.52267583548219,True,UNKNOWN,PLAUSIBLE_CANDIDATE,Lee D is ambient; partition/activation/poly are analogue/ASSUMED; trigger arrival is operational ASSUMED_FOR_DEPLOYMENT_SCENARIO; front dispersion ASSUMED_FOR_SENSITIVITY ±5/10/15 min.,True,False,False
150.0,lee_ambient,lee_ambient,1.0,150.0,2.0,0.4773241645178085,10.0,15.0,27.47732416451781,10.0,ASSUMED_FOR_DEPLOYMENT_SCENARIO,37.47732416451781,True,True,0.0,47.52267583548219,True,UNKNOWN,PLAUSIBLE_CANDIDATE,Lee D is ambient; partition/activation/poly are analogue/ASSUMED; trigger arrival is operational ASSUMED_FOR_DEPLOYMENT_SCENARIO; front dispersion ASSUMED_FOR_SENSITIVITY ±5/10/15 min.,True,True,False
150.0,lee_ambient,lee_ambient,1.0,150.0,2.0,0.4773241645178085,10.0,15.0,27.47732416451781,15.0,ASSUMED_FOR_DEPLOYMENT_SCENARIO,42.47732416451781,True,True,0.0,47.52267583548219,True,UNKNOWN,PLAUSIBLE_CANDIDATE,Lee D is ambient; partition/activation/poly are analogue/ASSUMED; trigger arrival is operational ASSUMED_FOR_DEPLOYMENT_SCENARIO; front dispersion ASSUMED_FOR_SENSITIVITY ±5/10/15 min.,True,True,True
150.0,lee_ambient,lee_ambient,1.0,150.0,2.0,0.4773241645178085,10.0,15.0,27.47732416451781,20.0,ASSUMED_FOR_DEPLOYMENT_SCENARIO,47.47732416451781,True,True,0.0,47.52267583548219,True,UNKNOWN,PLAUSIBLE_CANDIDATE,Lee D is ambient; partition/activation/poly are analogue/ASSUMED; trigger arrival is operational ASSUMED_FOR_DEPLOYMENT_SCENARIO; front dispersion ASSUMED_FOR_SENSITIVITY ±5/10/15 min.,True,True,True
150.0,lee_ambient,lee_ambient,1.0,150.0,2.0,0.4773241645178085,10.0,15.0,27.47732416451781,25.0,ASSUMED_FOR_DEPLOYMENT_SCENARIO,52.47732416451781,True,True,0.0,47.52267583548219,True,UNKNOWN,PLAUSIBLE_CANDIDATE,Lee D is ambient; partition/activation/poly are analogue/ASSUMED; trigger arrival is operational ASSUMED_FOR_DEPLOYMENT_SCENARIO; front dispersion ASSUMED_FOR_SENSITIVITY ±5/10/15 min.,True,True,True
150.0,lee_ambient,lee_ambient,1.0,150.0,2.0,0.4773241645178085,10.0,15.0,27.47732416451781,30.0,ASSUMED_FOR_DEPLOYMENT_SCENARIO,57.47732416451781,True,True,0.0,47.52267583548219,True,UNKNOWN,PLAUSIBLE_CANDIDATE,Lee D is ambient; partition/activation/poly are analogue/ASSUMED; trigger arrival is operational ASSUMED_FOR_DEPLOYMENT_SCENARIO; front dispersion ASSUMED_FOR_SENSITIVITY ±5/10/15 min.,True,True,True
150.0,lee_ambient,lee_ambient,1.0,150.0,2.0,0.4773241645178085,10.0,15.0,27.47732416451781,35.0,ASSUMED_FOR_DEPLOYMENT_SCENARIO,62.47732416451781,True,True,0.0,47.52267583548219,True,UNKNOWN,PLAUSIBLE_CANDIDATE,Lee D is ambient; partition/activation/poly are analogue/ASSUMED; trigger arrival is operational ASSUMED_FOR_DEPLOYMENT_SCENARIO; front dispersion ASSUMED_FOR_SENSITIVITY ±5/10/15 min.,True,True,False
150.0,lee_ambient,lee_ambient,1.0,150.0,2.0,0.4773241645178085,10.0,15.0,27.47732416451781,40.0,ASSUMED_FOR_DEPLOYMENT_SCENARIO,67.47732416451781,True,True,0.0,47.52267583548219,True,UNKNOWN,PLAUSIBLE_CANDIDATE,Lee D is ambient; partition/activation/poly are analogue/ASSUMED; trigger arrival is operational ASSUMED_FOR_DEPLOYMENT_SCENARIO; front dispersion ASSUMED_FOR_SENSITIVITY ±5/10/15 min.,True,False,False
150.0,lee_ambient,lee_ambient,1.0,150.0,2.0,0.4773241645178085,10.0,15.0,27.47732416451781,45.0,ASSUMED_FOR_DEPLOYMENT_SCENARIO,72.47732416451781,True,True,0.0,47.52267583548219,True,UNKNOWN,PLAUSIBLE_CANDIDATE,Lee D is ambient; partition/activation/poly are analogue/ASSUMED; trigger arrival is operational ASSUMED_FOR_DEPLOYMENT_SCENARIO; front dispersion ASSUMED_FOR_SENSITIVITY ±5/10/15 min.,False,False,False
150.0,lee_ambient,lee_ambient,1.0,150.0,2.0,0.4773241645178085,10.0,15.0,27.47732416451781,50.0,ASSUMED_FOR_DEPLOYMENT_SCENARIO,77.47732416451781,False,True,0.0,47.52267583548219,True,UNKNOWN,OUTSIDE_WINDOW_OR_UNCONSTRAINED,Lee D is ambient; partition/activation/poly are analogue/ASSUMED; trigger arrival is operational ASSUMED_FOR_DEPLOYMENT_SCENARIO; front dispersion ASSUMED_FOR_SENSITIVITY ±5/10/15 min.,False,False,False
150.0,lee_ambient,lee_ambient,1.0,150.0,2.0,0.4773241645178085,10.0,15.0,27.47732416451781,55.0,ASSUMED_FOR_DEPLOYMENT_SCENARIO,82.47732416451781,False,True,0.0,47.52267583548219,True,UNKNOWN,OUTSIDE_WINDOW_OR_UNCONSTRAINED,Lee D is ambient; partition/activation/poly are analogue/ASSUMED; trigger arrival is operational ASSUMED_FOR_DEPLOYMENT_SCENARIO; front dispersion ASSUMED_FOR_SENSITIVITY ±5/10/15 min.,False,False,False
150.0,lee_ambient,lee_ambient,1.0,150.0,2.0,0.4773241645178085,10.0,15.0,27.47732416451781,60.0,ASSUMED_FOR_DEPLOYMENT_SCENARIO,87.47732416451781,False,True,0.0,47.52267583548219,True,UNKNOWN,OUTSIDE_WINDOW_OR_UNCONSTRAINED,Lee D is ambient; partition/activation/poly are analogue/ASSUMED; trigger arrival is operational ASSUMED_FOR_DEPLOYMENT_SCENARIO; front dispersion ASSUMED_FOR_SENSITIVITY ±5/10/15 min.,False,False,False
200.0,lee_ambient,lee_ambient,1.0,150.0,2.0,0.8485762924761041,10.0,15.0,27.848576292476103,0.0,ASSUMED_FOR_DEPLOYMENT_SCENARIO,27.848576292476103,True,True,0.0,47.1514237075239,True,UNKNOWN,PLAUSIBLE_CANDIDATE,Lee D is ambient; partition/activation/poly are analogue/ASSUMED; trigger arrival is operational ASSUMED_FOR_DEPLOYMENT_SCENARIO; front dispersion ASSUMED_FOR_SENSITIVITY ±5/10/15 min.,False,False,False
200.0,lee_ambient,lee_ambient,1.0,150.0,2.0,0.8485762924761041,10.0,15.0,27.848576292476103,5.0,ASSUMED_FOR_DEPLOYMENT_SCENARIO,32.8485762924761,True,True,0.0,47.1514237075239,True,UNKNOWN,PLAUSIBLE_CANDIDATE,Lee D is ambient; partition/activation/poly are analogue/ASSUMED; trigger arrival is operational ASSUMED_FOR_DEPLOYMENT_SCENARIO; front dispersion ASSUMED_FOR_SENSITIVITY ±5/10/15 min.,True,False,False
200.0,lee_ambient,lee_ambient,1.0,150.0,2.0,0.8485762924761041,10.0,15.0,27.848576292476103,10.0,ASSUMED_FOR_DEPLOYMENT_SCENARIO,37.8485762924761,True,True,0.0,47.1514237075239,True,UNKNOWN,PLAUSIBLE_CANDIDATE,Lee D is ambient; partition/activation/poly are analogue/ASSUMED; trigger arrival is operational ASSUMED_FOR_DEPLOYMENT_SCENARIO; front dispersion ASSUMED_FOR_SENSITIVITY ±5/10/15 min.,True,True,False
200.0,lee_ambient,lee_ambient,1.0,150.0,2.0,0.8485762924761041,10.0,15.0,27.848576292476103,15.0,ASSUMED_FOR_DEPLOYMENT_SCENARIO,42.8485762924761,True,True,0.0,47.1514237075239,True,UNKNOWN,PLAUSIBLE_CANDIDATE,Lee D is ambient; partition/activation/poly are analogue/ASSUMED; trigger arrival is operational ASSUMED_FOR_DEPLOYMENT_SCENARIO; front dispersion ASSUMED_FOR_SENSITIVITY ±5/10/15 min.,True,True,True
200.0,lee_ambient,lee_ambient,1.0,150.0,2.0,0.8485762924761041,10.0,15.0,27.848576292476103,20.0,ASSUMED_FOR_DEPLOYMENT_SCENARIO,47.8485762924761,True,True,0.0,47.1514237075239,True,UNKNOWN,PLAUSIBLE_CANDIDATE,Lee D is ambient; partition/activation/poly are analogue/ASSUMED; trigger arrival is operational ASSUMED_FOR_DEPLOYMENT_SCENARIO; front dispersion ASSUMED_FOR_SENSITIVITY ±5/10/15 min.,True,True,True
200.0,lee_ambient,lee_ambient,1.0,150.0,2.0,0.8485762924761041,10.0,15.0,27.848576292476103,25.0,ASSUMED_FOR_DEPLOYMENT_SCENARIO,52.8485762924761,True,True,0.0,47.1514237075239,True,UNKNOWN,PLAUSIBLE_CANDIDATE,Lee D is ambient; partition/activation/poly are analogue/ASSUMED; trigger arrival is operational ASSUMED_FOR_DEPLOYMENT_SCENARIO; front dispersion ASSUMED_FOR_SENSITIVITY ±5/10/15 min.,True,True,True
200.0,lee_ambient,lee_ambient,1.0,150.0,2.0,0.8485762924761041,10.0,15.0,27.848576292476103,30.0,ASSUMED_FOR_DEPLOYMENT_SCENARIO,57.8485762924761,True,True,0.0,47.1514237075239,True,UNKNOWN,PLAUSIBLE_CANDIDATE,Lee D is ambient; partition/activation/poly are analogue/ASSUMED; trigger arrival is operational ASSUMED_FOR_DEPLOYMENT_SCENARIO; front dispersion ASSUMED_FOR_SENSITIVITY ±5/10/15 min.,True,True,True
200.0,lee_ambient,lee_ambient,1.0,150.0,2.0,0.8485762924761041,10.0,15.0,27.848576292476103,35.0,ASSUMED_FOR_DEPLOYMENT_SCENARIO,62.8485762924761,True,True,0.0,47.1514237075239,True,UNKNOWN,PLAUSIBLE_CANDIDATE,Lee D is ambient; partition/activation/poly are analogue/ASSUMED; trigger arrival is operational ASSUMED_FOR_DEPLOYMENT_SCENARIO; front dispersion ASSUMED_FOR_SENSITIVITY ±5/10/15 min.,True,True,False
200.0,lee_ambient,lee_ambient,1.0,150.0,2.0,0.8485762924761041,10.0,15.0,27.848576292476103,40.0,ASSUMED_FOR_DEPLOYMENT_SCENARIO,67.84857629247611,True,True,0.0,47.1514237075239,True,UNKNOWN,PLAUSIBLE_CANDIDATE,Lee D is ambient; partition/activation/poly are analogue/ASSUMED; trigger arrival is operational ASSUMED_FOR_DEPLOYMENT_SCENARIO; front dispersion ASSUMED_FOR_SENSITIVITY ±5/10/15 min.,True,False,False
200.0,lee_ambient,lee_ambient,1.0,150.0,2.0,0.8485762924761041,10.0,15.0,27.848576292476103,45.0,ASSUMED_FOR_DEPLOYMENT_SCENARIO,72.84857629247611,True,True,0.0,47.1514237075239,True,UNKNOWN,PLAUSIBLE_CANDIDATE,Lee D is ambient; partition/activation/poly are analogue/ASSUMED; trigger arrival is operational ASSUMED_FOR_DEPLOYMENT_SCENARIO; front dispersion ASSUMED_FOR_SENSITIVITY ±5/10/15 min.,False,False,False
200.0,lee_ambient,lee_ambient,1.0,150.0,2.0,0.8485762924761041,10.0,15.0,27.848576292476103,50.0,ASSUMED_FOR_DEPLOYMENT_SCENARIO,77.84857629247611,False,True,0.0,47.1514237075239,True,UNKNOWN,OUTSIDE_WINDOW_OR_UNCONSTRAINED,Lee D is ambient; partition/activation/poly are analogue/ASSUMED; trigger arrival is operational ASSUMED_FOR_DEPLOYMENT_SCENARIO; front dispersion ASSUMED_FOR_SENSITIVITY ±5/10/15 min.,False,False,False
200.0,lee_ambient,lee_ambient,1.0,150.0,2.0,0.8485762924761041,10.0,15.0,27.848576292476103,55.0,ASSUMED_FOR_DEPLOYMENT_SCENARIO,82.84857629247611,False,True,0.0,47.1514237075239,True,UNKNOWN,OUTSIDE_WINDOW_OR_UNCONSTRAINED,Lee D is ambient; partition/activation/poly are analogue/ASSUMED; trigger arrival is operational ASSUMED_FOR_DEPLOYMENT_SCENARIO; front dispersion ASSUMED_FOR_SENSITIVITY ±5/10/15 min.,False,False,False
200.0,lee_ambient,lee_ambient,1.0,150.0,2.0,0.8485762924761041,10.0,15.0,27.848576292476103,60.0,ASSUMED_FOR_DEPLOYMENT_SCENARIO,87.84857629247611,False,True,0.0,47.1514237075239,True,UNKNOWN,OUTSIDE_WINDOW_OR_UNCONSTRAINED,Lee D is ambient; partition/activation/poly are analogue/ASSUMED; trigger arrival is operational ASSUMED_FOR_DEPLOYMENT_SCENARIO; front dispersion ASSUMED_FOR_SENSITIVITY ±5/10/15 min.,False,False,False
270.0,lee_ambient,lee_ambient,1.0,150.0,2.0,1.5465302930377,10.0,15.0,28.546530293037698,0.0,ASSUMED_FOR_DEPLOYMENT_SCENARIO,28.546530293037698,True,True,0.0,46.4534697069623,True,UNKNOWN,PLAUSIBLE_CANDIDATE,Lee D is ambient; partition/activation/poly are analogue/ASSUMED; trigger arrival is operational ASSUMED_FOR_DEPLOYMENT_SCENARIO; front dispersion ASSUMED_FOR_SENSITIVITY ±5/10/15 min.,False,False,False
270.0,lee_ambient,lee_ambient,1.0,150.0,2.0,1.5465302930377,10.0,15.0,28.546530293037698,5.0,ASSUMED_FOR_DEPLOYMENT_SCENARIO,33.5465302930377,True,True,0.0,46.4534697069623,True,UNKNOWN,PLAUSIBLE_CANDIDATE,Lee D is ambient; partition/activation/poly are analogue/ASSUMED; trigger arrival is operational ASSUMED_FOR_DEPLOYMENT_SCENARIO; front dispersion ASSUMED_FOR_SENSITIVITY ±5/10/15 min.,True,False,False
270.0,lee_ambient,lee_ambient,1.0,150.0,2.0,1.5465302930377,10.0,15.0,28.546530293037698,10.0,ASSUMED_FOR_DEPLOYMENT_SCENARIO,38.5465302930377,True,True,0.0,46.4534697069623,True,UNKNOWN,PLAUSIBLE_CANDIDATE,Lee D is ambient; partition/activation/poly are analogue/ASSUMED; trigger arrival is operational ASSUMED_FOR_DEPLOYMENT_SCENARIO; front dispersion ASSUMED_FOR_SENSITIVITY ±5/10/15 min.,True,True,False
270.0,lee_ambient,lee_ambient,1.0,150.0,2.0,1.5465302930377,10.0,15.0,28.546530293037698,15.0,ASSUMED_FOR_DEPLOYMENT_SCENARIO,43.5465302930377,True,True,0.0,46.4534697069623,True,UNKNOWN,PLAUSIBLE_CANDIDATE,Lee D is ambient; partition/activation/poly are analogue/ASSUMED; trigger arrival is operational ASSUMED_FOR_DEPLOYMENT_SCENARIO; front dispersion ASSUMED_FOR_SENSITIVITY ±5/10/15 min.,True,True,True
270.0,lee_ambient,lee_ambient,1.0,150.0,2.0,1.5465302930377,10.0,15.0,28.546530293037698,20.0,ASSUMED_FOR_DEPLOYMENT_SCENARIO,48.5465302930377,True,True,0.0,46.4534697069623,True,UNKNOWN,PLAUSIBLE_CANDIDATE,Lee D is ambient; partition/activation/poly are analogue/ASSUMED; trigger arrival is operational ASSUMED_FOR_DEPLOYMENT_SCENARIO; front dispersion ASSUMED_FOR_SENSITIVITY ±5/10/15 min.,True,True,True
270.0,lee_ambient,lee_ambient,1.0,150.0,2.0,1.5465302930377,10.0,15.0,28.546530293037698,25.0,ASSUMED_FOR_DEPLOYMENT_SCENARIO,53.5465302930377,True,True,0.0,46.4534697069623,True,UNKNOWN,PLAUSIBLE_CANDIDATE,Lee D is ambient; partition/activation/poly are analogue/ASSUMED; trigger arrival is operational ASSUMED_FOR_DEPLOYMENT_SCENARIO; front dispersion ASSUMED_FOR_SENSITIVITY ±5/10/15 min.,True,True,True
270.0,lee_ambient,lee_ambient,1.0,150.0,2.0,1.5465302930377,10.0,15.0,28.546530293037698,30.0,ASSUMED_FOR_DEPLOYMENT_SCENARIO,58.5465302930377,True,True,0.0,46.4534697069623,True,UNKNOWN,PLAUSIBLE_CANDIDATE,Lee D is ambient; partition/activation/poly are analogue/ASSUMED; trigger arrival is operational ASSUMED_FOR_DEPLOYMENT_SCENARIO; front dispersion ASSUMED_FOR_SENSITIVITY ±5/10/15 min.,True,True,True
270.0,lee_ambient,lee_ambient,1.0,150.0,2.0,1.5465302930377,10.0,15.0,28.546530293037698,35.0,ASSUMED_FOR_DEPLOYMENT_SCENARIO,63.5465302930377,True,True,0.0,46.4534697069623,True,UNKNOWN,PLAUSIBLE_CANDIDATE,Lee D is ambient; partition/activation/poly are analogue/ASSUMED; trigger arrival is operational ASSUMED_FOR_DEPLOYMENT_SCENARIO; front dispersion ASSUMED_FOR_SENSITIVITY ±5/10/15 min.,True,True,False
270.0,lee_ambient,lee_ambient,1.0,150.0,2.0,1.5465302930377,10.0,15.0,28.546530293037698,40.0,ASSUMED_FOR_DEPLOYMENT_SCENARIO,68.54653029303769,True,True,0.0,46.4534697069623,True,UNKNOWN,PLAUSIBLE_CANDIDATE,Lee D is ambient; partition/activation/poly are analogue/ASSUMED; trigger arrival is operational ASSUMED_FOR_DEPLOYMENT_SCENARIO; front dispersion ASSUMED_FOR_SENSITIVITY ±5/10/15 min.,True,False,False
270.0,lee_ambient,lee_ambient,1.0,150.0,2.0,1.5465302930377,10.0,15.0,28.546530293037698,45.0,ASSUMED_FOR_DEPLOYMENT_SCENARIO,73.54653029303769,True,True,0.0,46.4534697069623,True,UNKNOWN,PLAUSIBLE_CANDIDATE,Lee D is ambient; partition/activation/poly are analogue/ASSUMED; trigger arrival is operational ASSUMED_FOR_DEPLOYMENT_SCENARIO; front dispersion ASSUMED_FOR_SENSITIVITY ±5/10/15 min.,False,False,False
270.0,lee_ambient,lee_ambient,1.0,150.0,2.0,1.5465302930377,10.0,15.0,28.546530293037698,50.0,ASSUMED_FOR_DEPLOYMENT_SCENARIO,78.54653029303769,False,True,0.0,46.4534697069623,True,UNKNOWN,OUTSIDE_WINDOW_OR_UNCONSTRAINED,Lee D is ambient; partition/activation/poly are analogue/ASSUMED; trigger arrival is operational ASSUMED_FOR_DEPLOYMENT_SCENARIO; front dispersion ASSUMED_FOR_SENSITIVITY ±5/10/15 min.,False,False,False
270.0,lee_ambient,lee_ambient,1.0,150.0,2.0,1.5465302930377,10.0,15.0,28.546530293037698,55.0,ASSUMED_FOR_DEPLOYMENT_SCENARIO,83.54653029303769,False,True,0.0,46.4534697069623,True,UNKNOWN,OUTSIDE_WINDOW_OR_UNCONSTRAINED,Lee D is ambient; partition/activation/poly are analogue/ASSUMED; trigger arrival is operational ASSUMED_FOR_DEPLOYMENT_SCENARIO; front dispersion ASSUMED_FOR_SENSITIVITY ±5/10/15 min.,False,False,False
270.0,lee_ambient,lee_ambient,1.0,150.0,2.0,1.5465302930377,10.0,15.0,28.546530293037698,60.0,ASSUMED_FOR_DEPLOYMENT_SCENARIO,88.54653029303769,False,True,0.0,46.4534697069623,True,UNKNOWN,OUTSIDE_WINDOW_OR_UNCONSTRAINED,Lee D is ambient; partition/activation/poly are analogue/ASSUMED; trigger arrival is operational ASSUMED_FOR_DEPLOYMENT_SCENARIO; front dispersion ASSUMED_FOR_SENSITIVITY ±5/10/15 min.,False,False,False
300.0,lee_ambient,lee_ambient,1.0,150.0,2.0,1.909296658071234,10.0,15.0,28.909296658071234,0.0,ASSUMED_FOR_DEPLOYMENT_SCENARIO,28.909296658071234,True,True,0.0,46.090703341928766,True,UNKNOWN,PLAUSIBLE_CANDIDATE,Lee D is ambient; partition/activation/poly are analogue/ASSUMED; trigger arrival is operational ASSUMED_FOR_DEPLOYMENT_SCENARIO; front dispersion ASSUMED_FOR_SENSITIVITY ±5/10/15 min.,False,False,False
300.0,lee_ambient,lee_ambient,1.0,150.0,2.0,1.909296658071234,10.0,15.0,28.909296658071234,5.0,ASSUMED_FOR_DEPLOYMENT_SCENARIO,33.909296658071234,True,True,0.0,46.090703341928766,True,UNKNOWN,PLAUSIBLE_CANDIDATE,Lee D is ambient; partition/activation/poly are analogue/ASSUMED; trigger arrival is operational ASSUMED_FOR_DEPLOYMENT_SCENARIO; front dispersion ASSUMED_FOR_SENSITIVITY ±5/10/15 min.,True,False,False
300.0,lee_ambient,lee_ambient,1.0,150.0,2.0,1.909296658071234,10.0,15.0,28.909296658071234,10.0,ASSUMED_FOR_DEPLOYMENT_SCENARIO,38.909296658071234,True,True,0.0,46.090703341928766,True,UNKNOWN,PLAUSIBLE_CANDIDATE,Lee D is ambient; partition/activation/poly are analogue/ASSUMED; trigger arrival is operational ASSUMED_FOR_DEPLOYMENT_SCENARIO; front dispersion ASSUMED_FOR_SENSITIVITY ±5/10/15 min.,True,True,False
300.0,lee_ambient,lee_ambient,1.0,150.0,2.0,1.909296658071234,10.0,15.0,28.909296658071234,15.0,ASSUMED_FOR_DEPLOYMENT_SCENARIO,43.909296658071234,True,True,0.0,46.090703341928766,True,UNKNOWN,PLAUSIBLE_CANDIDATE,Lee D is ambient; partition/activation/poly are analogue/ASSUMED; trigger arrival is operational ASSUMED_FOR_DEPLOYMENT_SCENARIO; front dispersion ASSUMED_FOR_SENSITIVITY ±5/10/15 min.,True,True,True
300.0,lee_ambient,lee_ambient,1.0,150.0,2.0,1.909296658071234,10.0,15.0,28.909296658071234,20.0,ASSUMED_FOR_DEPLOYMENT_SCENARIO,48.909296658071234,True,True,0.0,46.090703341928766,True,UNKNOWN,PLAUSIBLE_CANDIDATE,Lee D is ambient; partition/activation/poly are analogue/ASSUMED; trigger arrival is operational ASSUMED_FOR_DEPLOYMENT_SCENARIO; front dispersion ASSUMED_FOR_SENSITIVITY ±5/10/15 min.,True,True,True
300.0,lee_ambient,lee_ambient,1.0,150.0,2.0,1.909296658071234,10.0,15.0,28.909296658071234,25.0,ASSUMED_FOR_DEPLOYMENT_SCENARIO,53.909296658071234,True,True,0.0,46.090703341928766,True,UNKNOWN,PLAUSIBLE_CANDIDATE,Lee D is ambient; partition/activation/poly are analogue/ASSUMED; trigger arrival is operational ASSUMED_FOR_DEPLOYMENT_SCENARIO; front dispersion ASSUMED_FOR_SENSITIVITY ±5/10/15 min.,True,True,True
300.0,lee_ambient,lee_ambient,1.0,150.0,2.0,1.909296658071234,10.0,15.0,28.909296658071234,30.0,ASSUMED_FOR_DEPLOYMENT_SCENARIO,58.909296658071234,True,True,0.0,46.090703341928766,True,UNKNOWN,PLAUSIBLE_CANDIDATE,Lee D is ambient; partition/activation/poly are analogue/ASSUMED; trigger arrival is operational ASSUMED_FOR_DEPLOYMENT_SCENARIO; front dispersion ASSUMED_FOR_SENSITIVITY ±5/10/15 min.,True,True,True
300.0,lee_ambient,lee_ambient,1.0,150.0,2.0,1.909296658071234,10.0,15.0,28.909296658071234,35.0,ASSUMED_FOR_DEPLOYMENT_SCENARIO,63.909296658071234,True,True,0.0,46.090703341928766,True,UNKNOWN,PLAUSIBLE_CANDIDATE,Lee D is ambient; partition/activation/poly are analogue/ASSUMED; trigger arrival is operational ASSUMED_FOR_DEPLOYMENT_SCENARIO; front dispersion ASSUMED_FOR_SENSITIVITY ±5/10/15 min.,True,True,False
300.0,lee_ambient,lee_ambient,1.0,150.0,2.0,1.909296658071234,10.0,15.0,28.909296658071234,40.0,ASSUMED_FOR_DEPLOYMENT_SCENARIO,68.90929665807124,True,True,0.0,46.090703341928766,True,UNKNOWN,PLAUSIBLE_CANDIDATE,Lee D is ambient; partition/activation/poly are analogue/ASSUMED; trigger arrival is operational ASSUMED_FOR_DEPLOYMENT_SCENARIO; front dispersion ASSUMED_FOR_SENSITIVITY ±5/10/15 min.,True,False,False
300.0,lee_ambient,lee_ambient,1.0,150.0,2.0,1.909296658071234,10.0,15.0,28.909296658071234,45.0,ASSUMED_FOR_DEPLOYMENT_SCENARIO,73.90929665807124,True,True,0.0,46.090703341928766,True,UNKNOWN,PLAUSIBLE_CANDIDATE,Lee D is ambient; partition/activation/poly are analogue/ASSUMED; trigger arrival is operational ASSUMED_FOR_DEPLOYMENT_SCENARIO; front dispersion ASSUMED_FOR_SENSITIVITY ±5/10/15 min.,False,False,False
300.0,lee_ambient,lee_ambient,1.0,150.0,2.0,1.909296658071234,10.0,15.0,28.909296658071234,50.0,ASSUMED_FOR_DEPLOYMENT_SCENARIO,78.90929665807124,False,True,0.0,46.090703341928766,True,UNKNOWN,OUTSIDE_WINDOW_OR_UNCONSTRAINED,Lee D is ambient; partition/activation/poly are analogue/ASSUMED; trigger arrival is operational ASSUMED_FOR_DEPLOYMENT_SCENARIO; front dispersion ASSUMED_FOR_SENSITIVITY ±5/10/15 min.,False,False,False
300.0,lee_ambient,lee_ambient,1.0,150.0,2.0,1.909296658071234,10.0,15.0,28.909296658071234,55.0,ASSUMED_FOR_DEPLOYMENT_SCENARIO,83.90929665807124,False,True,0.0,46.090703341928766,True,UNKNOWN,OUTSIDE_WINDOW_OR_UNCONSTRAINED,Lee D is ambient; partition/activation/poly are analogue/ASSUMED; trigger arrival is operational ASSUMED_FOR_DEPLOYMENT_SCENARIO; front dispersion ASSUMED_FOR_SENSITIVITY ±5/10/15 min.,False,False,False
300.0,lee_ambient,lee_ambient,1.0,150.0,2.0,1.909296658071234,10.0,15.0,28.909296658071234,60.0,ASSUMED_FOR_DEPLOYMENT_SCENARIO,88.90929665807124,False,True,0.0,46.090703341928766,True,UNKNOWN,OUTSIDE_WINDOW_OR_UNCONSTRAINED,Lee D is ambient; partition/activation/poly are analogue/ASSUMED; trigger arrival is operational ASSUMED_FOR_DEPLOYMENT_SCENARIO; front dispersion ASSUMED_FOR_SENSITIVITY ±5/10/15 min.,False,False,False
400.0,lee_ambient,lee_ambient,1.0,150.0,2.0,3.3943051699044164,10.0,15.0,30.39430516990442,0.0,ASSUMED_FOR_DEPLOYMENT_SCENARIO,30.39430516990442,True,True,0.0,44.60569483009558,True,UNKNOWN,PLAUSIBLE_CANDIDATE,Lee D is ambient; partition/activation/poly are analogue/ASSUMED; trigger arrival is operational ASSUMED_FOR_DEPLOYMENT_SCENARIO; front dispersion ASSUMED_FOR_SENSITIVITY ±5/10/15 min.,True,False,False
400.0,lee_ambient,lee_ambient,1.0,150.0,2.0,3.3943051699044164,10.0,15.0,30.39430516990442,5.0,ASSUMED_FOR_DEPLOYMENT_SCENARIO,35.39430516990442,True,True,0.0,44.60569483009558,True,UNKNOWN,PLAUSIBLE_CANDIDATE,Lee D is ambient; partition/activation/poly are analogue/ASSUMED; trigger arrival is operational ASSUMED_FOR_DEPLOYMENT_SCENARIO; front dispersion ASSUMED_FOR_SENSITIVITY ±5/10/15 min.,True,True,False
400.0,lee_ambient,lee_ambient,1.0,150.0,2.0,3.3943051699044164,10.0,15.0,30.39430516990442,10.0,ASSUMED_FOR_DEPLOYMENT_SCENARIO,40.39430516990442,True,True,0.0,44.60569483009558,True,UNKNOWN,PLAUSIBLE_CANDIDATE,Lee D is ambient; partition/activation/poly are analogue/ASSUMED; trigger arrival is operational ASSUMED_FOR_DEPLOYMENT_SCENARIO; front dispersion ASSUMED_FOR_SENSITIVITY ±5/10/15 min.,True,True,True
400.0,lee_ambient,lee_ambient,1.0,150.0,2.0,3.3943051699044164,10.0,15.0,30.39430516990442,15.0,ASSUMED_FOR_DEPLOYMENT_SCENARIO,45.39430516990442,True,True,0.0,44.60569483009558,True,UNKNOWN,PLAUSIBLE_CANDIDATE,Lee D is ambient; partition/activation/poly are analogue/ASSUMED; trigger arrival is operational ASSUMED_FOR_DEPLOYMENT_SCENARIO; front dispersion ASSUMED_FOR_SENSITIVITY ±5/10/15 min.,True,True,True
400.0,lee_ambient,lee_ambient,1.0,150.0,2.0,3.3943051699044164,10.0,15.0,30.39430516990442,20.0,ASSUMED_FOR_DEPLOYMENT_SCENARIO,50.39430516990442,True,True,0.0,44.60569483009558,True,UNKNOWN,PLAUSIBLE_CANDIDATE,Lee D is ambient; partition/activation/poly are analogue/ASSUMED; trigger arrival is operational ASSUMED_FOR_DEPLOYMENT_SCENARIO; front dispersion ASSUMED_FOR_SENSITIVITY ±5/10/15 min.,True,True,True
400.0,lee_ambient,lee_ambient,1.0,150.0,2.0,3.3943051699044164,10.0,15.0,30.39430516990442,25.0,ASSUMED_FOR_DEPLOYMENT_SCENARIO,55.39430516990442,True,True,0.0,44.60569483009558,True,UNKNOWN,PLAUSIBLE_CANDIDATE,Lee D is ambient; partition/activation/poly are analogue/ASSUMED; trigger arrival is operational ASSUMED_FOR_DEPLOYMENT_SCENARIO; front dispersion ASSUMED_FOR_SENSITIVITY ±5/10/15 min.,True,True,True
400.0,lee_ambient,lee_ambient,1.0,150.0,2.0,3.3943051699044164,10.0,15.0,30.39430516990442,30.0,ASSUMED_FOR_DEPLOYMENT_SCENARIO,60.39430516990442,True,True,0.0,44.60569483009558,True,UNKNOWN,PLAUSIBLE_CANDIDATE,Lee D is ambient; partition/activation/poly are analogue/ASSUMED; trigger arrival is operational ASSUMED_FOR_DEPLOYMENT_SCENARIO; front dispersion ASSUMED_FOR_SENSITIVITY ±5/10/15 min.,True,True,False
400.0,lee_ambient,lee_ambient,1.0,150.0,2.0,3.3943051699044164,10.0,15.0,30.39430516990442,35.0,ASSUMED_FOR_DEPLOYMENT_SCENARIO,65.39430516990441,True,True,0.0,44.60569483009558,True,UNKNOWN,PLAUSIBLE_CANDIDATE,Lee D is ambient; partition/activation/poly are analogue/ASSUMED; trigger arrival is operational ASSUMED_FOR_DEPLOYMENT_SCENARIO; front dispersion ASSUMED_FOR_SENSITIVITY ±5/10/15 min.,True,False,False
400.0,lee_ambient,lee_ambient,1.0,150.0,2.0,3.3943051699044164,10.0,15.0,30.39430516990442,40.0,ASSUMED_FOR_DEPLOYMENT_SCENARIO,70.39430516990441,True,True,0.0,44.60569483009558,True,UNKNOWN,PLAUSIBLE_CANDIDATE,Lee D is ambient; partition/activation/poly are analogue/ASSUMED; trigger arrival is operational ASSUMED_FOR_DEPLOYMENT_SCENARIO; front dispersion ASSUMED_FOR_SENSITIVITY ±5/10/15 min.,False,False,False
400.0,lee_ambient,lee_ambient,1.0,150.0,2.0,3.3943051699044164,10.0,15.0,30.39430516990442,45.0,ASSUMED_FOR_DEPLOYMENT_SCENARIO,75.39430516990441,False,True,0.0,44.60569483009558,True,UNKNOWN,OUTSIDE_WINDOW_OR_UNCONSTRAINED,Lee D is ambient; partition/activation/poly are analogue/ASSUMED; trigger arrival is operational ASSUMED_FOR_DEPLOYMENT_SCENARIO; front dispersion ASSUMED_FOR_SENSITIVITY ±5/10/15 min.,False,False,False
400.0,lee_ambient,lee_ambient,1.0,150.0,2.0,3.3943051699044164,10.0,15.0,30.39430516990442,50.0,ASSUMED_FOR_DEPLOYMENT_SCENARIO,80.39430516990441,False,True,0.0,44.60569483009558,True,UNKNOWN,OUTSIDE_WINDOW_OR_UNCONSTRAINED,Lee D is ambient; partition/activation/poly are analogue/ASSUMED; trigger arrival is operational ASSUMED_FOR_DEPLOYMENT_SCENARIO; front dispersion ASSUMED_FOR_SENSITIVITY ±5/10/15 min.,False,False,False
400.0,lee_ambient,lee_ambient,1.0,150.0,2.0,3.3943051699044164,10.0,15.0,30.39430516990442,55.0,ASSUMED_FOR_DEPLOYMENT_SCENARIO,85.39430516990441,False,True,0.0,44.60569483009558,True,UNKNOWN,OUTSIDE_WINDOW_OR_UNCONSTRAINED,Lee D is ambient; partition/activation/poly are analogue/ASSUMED; trigger arrival is operational ASSUMED_FOR_DEPLOYMENT_SCENARIO; front dispersion ASSUMED_FOR_SENSITIVITY ±5/10/15 min.,False,False,False
400.0,lee_ambient,lee_ambient,1.0,150.0,2.0,3.3943051699044164,10.0,15.0,30.39430516990442,60.0,ASSUMED_FOR_DEPLOYMENT_SCENARIO,90.39430516990441,False,True,0.0,44.60569483009558,True,UNKNOWN,OUTSIDE_WINDOW_OR_UNCONSTRAINED,Lee D is ambient; partition/activation/poly are analogue/ASSUMED; trigger arrival is operational ASSUMED_FOR_DEPLOYMENT_SCENARIO; front dispersion ASSUMED_FOR_SENSITIVITY ±5/10/15 min.,False,False,False
500.0,lee_ambient,lee_ambient,1.0,150.0,2.0,5.303601827975651,10.0,15.0,32.30360182797565,0.0,ASSUMED_FOR_DEPLOYMENT_SCENARIO,32.30360182797565,True,True,0.0,42.69639817202435,True,UNKNOWN,PLAUSIBLE_CANDIDATE,Lee D is ambient; partition/activation/poly are analogue/ASSUMED; trigger arrival is operational ASSUMED_FOR_DEPLOYMENT_SCENARIO; front dispersion ASSUMED_FOR_SENSITIVITY ±5/10/15 min.,True,False,False
500.0,lee_ambient,lee_ambient,1.0,150.0,2.0,5.303601827975651,10.0,15.0,32.30360182797565,5.0,ASSUMED_FOR_DEPLOYMENT_SCENARIO,37.30360182797565,True,True,0.0,42.69639817202435,True,UNKNOWN,PLAUSIBLE_CANDIDATE,Lee D is ambient; partition/activation/poly are analogue/ASSUMED; trigger arrival is operational ASSUMED_FOR_DEPLOYMENT_SCENARIO; front dispersion ASSUMED_FOR_SENSITIVITY ±5/10/15 min.,True,True,False
500.0,lee_ambient,lee_ambient,1.0,150.0,2.0,5.303601827975651,10.0,15.0,32.30360182797565,10.0,ASSUMED_FOR_DEPLOYMENT_SCENARIO,42.30360182797565,True,True,0.0,42.69639817202435,True,UNKNOWN,PLAUSIBLE_CANDIDATE,Lee D is ambient; partition/activation/poly are analogue/ASSUMED; trigger arrival is operational ASSUMED_FOR_DEPLOYMENT_SCENARIO; front dispersion ASSUMED_FOR_SENSITIVITY ±5/10/15 min.,True,True,True
500.0,lee_ambient,lee_ambient,1.0,150.0,2.0,5.303601827975651,10.0,15.0,32.30360182797565,15.0,ASSUMED_FOR_DEPLOYMENT_SCENARIO,47.30360182797565,True,True,0.0,42.69639817202435,True,UNKNOWN,PLAUSIBLE_CANDIDATE,Lee D is ambient; partition/activation/poly are analogue/ASSUMED; trigger arrival is operational ASSUMED_FOR_DEPLOYMENT_SCENARIO; front dispersion ASSUMED_FOR_SENSITIVITY ±5/10/15 min.,True,True,True
500.0,lee_ambient,lee_ambient,1.0,150.0,2.0,5.303601827975651,10.0,15.0,32.30360182797565,20.0,ASSUMED_FOR_DEPLOYMENT_SCENARIO,52.30360182797565,True,True,0.0,42.69639817202435,True,UNKNOWN,PLAUSIBLE_CANDIDATE,Lee D is ambient; partition/activation/poly are analogue/ASSUMED; trigger arrival is operational ASSUMED_FOR_DEPLOYMENT_SCENARIO; front dispersion ASSUMED_FOR_SENSITIVITY ±5/10/15 min.,True,True,True
500.0,lee_ambient,lee_ambient,1.0,150.0,2.0,5.303601827975651,10.0,15.0,32.30360182797565,25.0,ASSUMED_FOR_DEPLOYMENT_SCENARIO,57.30360182797565,True,True,0.0,42.69639817202435,True,UNKNOWN,PLAUSIBLE_CANDIDATE,Lee D is ambient; partition/activation/poly are analogue/ASSUMED; trigger arrival is operational ASSUMED_FOR_DEPLOYMENT_SCENARIO; front dispersion ASSUMED_FOR_SENSITIVITY ±5/10/15 min.,True,True,True
500.0,lee_ambient,lee_ambient,1.0,150.0,2.0,5.303601827975651,10.0,15.0,32.30360182797565,30.0,ASSUMED_FOR_DEPLOYMENT_SCENARIO,62.30360182797565,True,True,0.0,42.69639817202435,True,UNKNOWN,PLAUSIBLE_CANDIDATE,Lee D is ambient; partition/activation/poly are analogue/ASSUMED; trigger arrival is operational ASSUMED_FOR_DEPLOYMENT_SCENARIO; front dispersion ASSUMED_FOR_SENSITIVITY ±5/10/15 min.,True,True,False
500.0,lee_ambient,lee_ambient,1.0,150.0,2.0,5.303601827975651,10.0,15.0,32.30360182797565,35.0,ASSUMED_FOR_DEPLOYMENT_SCENARIO,67.30360182797565,True,True,0.0,42.69639817202435,True,UNKNOWN,PLAUSIBLE_CANDIDATE,Lee D is ambient; partition/activation/poly are analogue/ASSUMED; trigger arrival is operational ASSUMED_FOR_DEPLOYMENT_SCENARIO; front dispersion ASSUMED_FOR_SENSITIVITY ±5/10/15 min.,True,False,False
500.0,lee_ambient,lee_ambient,1.0,150.0,2.0,5.303601827975651,10.0,15.0,32.30360182797565,40.0,ASSUMED_FOR_DEPLOYMENT_SCENARIO,72.30360182797564,True,True,0.0,42.69639817202435,True,UNKNOWN,PLAUSIBLE_CANDIDATE,Lee D is ambient; partition/activation/poly are analogue/ASSUMED; trigger arrival is operational ASSUMED_FOR_DEPLOYMENT_SCENARIO; front dispersion ASSUMED_FOR_SENSITIVITY ±5/10/15 min.,False,False,False
500.0,lee_ambient,lee_ambient,1.0,150.0,2.0,5.303601827975651,10.0,15.0,32.30360182797565,45.0,ASSUMED_FOR_DEPLOYMENT_SCENARIO,77.30360182797564,False,True,0.0,42.69639817202435,True,UNKNOWN,OUTSIDE_WINDOW_OR_UNCONSTRAINED,Lee D is ambient; partition/activation/poly are analogue/ASSUMED; trigger arrival is operational ASSUMED_FOR_DEPLOYMENT_SCENARIO; front dispersion ASSUMED_FOR_SENSITIVITY ±5/10/15 min.,False,False,False
500.0,lee_ambient,lee_ambient,1.0,150.0,2.0,5.303601827975651,10.0,15.0,32.30360182797565,50.0,ASSUMED_FOR_DEPLOYMENT_SCENARIO,82.30360182797564,False,True,0.0,42.69639817202435,True,UNKNOWN,OUTSIDE_WINDOW_OR_UNCONSTRAINED,Lee D is ambient; partition/activation/poly are analogue/ASSUMED; trigger arrival is operational ASSUMED_FOR_DEPLOYMENT_SCENARIO; front dispersion ASSUMED_FOR_SENSITIVITY ±5/10/15 min.,False,False,False
500.0,lee_ambient,lee_ambient,1.0,150.0,2.0,5.303601827975651,10.0,15.0,32.30360182797565,55.0,ASSUMED_FOR_DEPLOYMENT_SCENARIO,87.30360182797564,False,True,0.0,42.69639817202435,True,UNKNOWN,OUTSIDE_WINDOW_OR_UNCONSTRAINED,Lee D is ambient; partition/activation/poly are analogue/ASSUMED; trigger arrival is operational ASSUMED_FOR_DEPLOYMENT_SCENARIO; front dispersion ASSUMED_FOR_SENSITIVITY ±5/10/15 min.,False,False,False
500.0,lee_ambient,lee_ambient,1.0,150.0,2.0,5.303601827975651,10.0,15.0,32.30360182797565,60.0,ASSUMED_FOR_DEPLOYMENT_SCENARIO,92.30360182797564,False,True,0.0,42.69639817202435,True,UNKNOWN,OUTSIDE_WINDOW_OR_UNCONSTRAINED,Lee D is ambient; partition/activation/poly are analogue/ASSUMED; trigger arrival is operational ASSUMED_FOR_DEPLOYMENT_SCENARIO; front dispersion ASSUMED_FOR_SENSITIVITY ±5/10/15 min.,False,False,False
600.0,lee_ambient,lee_ambient,1.0,150.0,2.0,7.637186632284936,10.0,15.0,34.63718663228494,0.0,ASSUMED_FOR_DEPLOYMENT_SCENARIO,34.63718663228494,True,True,0.0,40.36281336771506,True,UNKNOWN,PLAUSIBLE_CANDIDATE,Lee D is ambient; partition/activation/poly are analogue/ASSUMED; trigger arrival is operational ASSUMED_FOR_DEPLOYMENT_SCENARIO; front dispersion ASSUMED_FOR_SENSITIVITY ±5/10/15 min.,True,False,False
600.0,lee_ambient,lee_ambient,1.0,150.0,2.0,7.637186632284936,10.0,15.0,34.63718663228494,5.0,ASSUMED_FOR_DEPLOYMENT_SCENARIO,39.63718663228494,True,True,0.0,40.36281336771506,True,UNKNOWN,PLAUSIBLE_CANDIDATE,Lee D is ambient; partition/activation/poly are analogue/ASSUMED; trigger arrival is operational ASSUMED_FOR_DEPLOYMENT_SCENARIO; front dispersion ASSUMED_FOR_SENSITIVITY ±5/10/15 min.,True,True,False
600.0,lee_ambient,lee_ambient,1.0,150.0,2.0,7.637186632284936,10.0,15.0,34.63718663228494,10.0,ASSUMED_FOR_DEPLOYMENT_SCENARIO,44.63718663228494,True,True,0.0,40.36281336771506,True,UNKNOWN,PLAUSIBLE_CANDIDATE,Lee D is ambient; partition/activation/poly are analogue/ASSUMED; trigger arrival is operational ASSUMED_FOR_DEPLOYMENT_SCENARIO; front dispersion ASSUMED_FOR_SENSITIVITY ±5/10/15 min.,True,True,True
600.0,lee_ambient,lee_ambient,1.0,150.0,2.0,7.637186632284936,10.0,15.0,34.63718663228494,15.0,ASSUMED_FOR_DEPLOYMENT_SCENARIO,49.63718663228494,True,True,0.0,40.36281336771506,True,UNKNOWN,PLAUSIBLE_CANDIDATE,Lee D is ambient; partition/activation/poly are analogue/ASSUMED; trigger arrival is operational ASSUMED_FOR_DEPLOYMENT_SCENARIO; front dispersion ASSUMED_FOR_SENSITIVITY ±5/10/15 min.,True,True,True
600.0,lee_ambient,lee_ambient,1.0,150.0,2.0,7.637186632284936,10.0,15.0,34.63718663228494,20.0,ASSUMED_FOR_DEPLOYMENT_SCENARIO,54.63718663228494,True,True,0.0,40.36281336771506,True,UNKNOWN,PLAUSIBLE_CANDIDATE,Lee D is ambient; partition/activation/poly are analogue/ASSUMED; trigger arrival is operational ASSUMED_FOR_DEPLOYMENT_SCENARIO; front dispersion ASSUMED_FOR_SENSITIVITY ±5/10/15 min.,True,True,True
600.0,lee_ambient,lee_ambient,1.0,150.0,2.0,7.637186632284936,10.0,15.0,34.63718663228494,25.0,ASSUMED_FOR_DEPLOYMENT_SCENARIO,59.63718663228494,True,True,0.0,40.36281336771506,True,UNKNOWN,PLAUSIBLE_CANDIDATE,Lee D is ambient; partition/activation/poly are analogue/ASSUMED; trigger arrival is operational ASSUMED_FOR_DEPLOYMENT_SCENARIO; front dispersion ASSUMED_FOR_SENSITIVITY ±5/10/15 min.,True,True,True
600.0,lee_ambient,lee_ambient,1.0,150.0,2.0,7.637186632284936,10.0,15.0,34.63718663228494,30.0,ASSUMED_FOR_DEPLOYMENT_SCENARIO,64.63718663228494,True,True,0.0,40.36281336771506,True,UNKNOWN,PLAUSIBLE_CANDIDATE,Lee D is ambient; partition/activation/poly are analogue/ASSUMED; trigger arrival is operational ASSUMED_FOR_DEPLOYMENT_SCENARIO; front dispersion ASSUMED_FOR_SENSITIVITY ±5/10/15 min.,True,True,False
600.0,lee_ambient,lee_ambient,1.0,150.0,2.0,7.637186632284936,10.0,15.0,34.63718663228494,35.0,ASSUMED_FOR_DEPLOYMENT_SCENARIO,69.63718663228494,True,True,0.0,40.36281336771506,True,UNKNOWN,PLAUSIBLE_CANDIDATE,Lee D is ambient; partition/activation/poly are analogue/ASSUMED; trigger arrival is operational ASSUMED_FOR_DEPLOYMENT_SCENARIO; front dispersion ASSUMED_FOR_SENSITIVITY ±5/10/15 min.,True,False,False
600.0,lee_ambient,lee_ambient,1.0,150.0,2.0,7.637186632284936,10.0,15.0,34.63718663228494,40.0,ASSUMED_FOR_DEPLOYMENT_SCENARIO,74.63718663228494,True,True,0.0,40.36281336771506,True,UNKNOWN,PLAUSIBLE_CANDIDATE,Lee D is ambient; partition/activation/poly are analogue/ASSUMED; trigger arrival is operational ASSUMED_FOR_DEPLOYMENT_SCENARIO; front dispersion ASSUMED_FOR_SENSITIVITY ±5/10/15 min.,False,False,False
600.0,lee_ambient,lee_ambient,1.0,150.0,2.0,7.637186632284936,10.0,15.0,34.63718663228494,45.0,ASSUMED_FOR_DEPLOYMENT_SCENARIO,79.63718663228494,False,True,0.0,40.36281336771506,True,UNKNOWN,OUTSIDE_WINDOW_OR_UNCONSTRAINED,Lee D is ambient; partition/activation/poly are analogue/ASSUMED; trigger arrival is operational ASSUMED_FOR_DEPLOYMENT_SCENARIO; front dispersion ASSUMED_FOR_SENSITIVITY ±5/10/15 min.,False,False,False
600.0,lee_ambient,lee_ambient,1.0,150.0,2.0,7.637186632284936,10.0,15.0,34.63718663228494,50.0,ASSUMED_FOR_DEPLOYMENT_SCENARIO,84.63718663228494,False,True,0.0,40.36281336771506,True,UNKNOWN,OUTSIDE_WINDOW_OR_UNCONSTRAINED,Lee D is ambient; partition/activation/poly are analogue/ASSUMED; trigger arrival is operational ASSUMED_FOR_DEPLOYMENT_SCENARIO; front dispersion ASSUMED_FOR_SENSITIVITY ±5/10/15 min.,False,False,False
600.0,lee_ambient,lee_ambient,1.0,150.0,2.0,7.637186632284936,10.0,15.0,34.63718663228494,55.0,ASSUMED_FOR_DEPLOYMENT_SCENARIO,89.63718663228494,False,True,0.0,40.36281336771506,True,UNKNOWN,OUTSIDE_WINDOW_OR_UNCONSTRAINED,Lee D is ambient; partition/activation/poly are analogue/ASSUMED; trigger arrival is operational ASSUMED_FOR_DEPLOYMENT_SCENARIO; front dispersion ASSUMED_FOR_SENSITIVITY ±5/10/15 min.,False,False,False
600.0,lee_ambient,lee_ambient,1.0,150.0,2.0,7.637186632284936,10.0,15.0,34.63718663228494,60.0,ASSUMED_FOR_DEPLOYMENT_SCENARIO,94.63718663228494,False,True,0.0,40.36281336771506,True,UNKNOWN,OUTSIDE_WINDOW_OR_UNCONSTRAINED,Lee D is ambient; partition/activation/poly are analogue/ASSUMED; trigger arrival is operational ASSUMED_FOR_DEPLOYMENT_SCENARIO; front dispersion ASSUMED_FOR_SENSITIVITY ±5/10/15 min.,False,False,False
70.0,stokes_einstein,stokes_einstein,1.0,150.0,2.0,0.012259720908797407,10.0,15.0,27.012259720908794,0.0,ASSUMED_FOR_DEPLOYMENT_SCENARIO,27.012259720908794,True,True,0.0,47.987740279091206,True,UNKNOWN,PLAUSIBLE_WITH_EXTRAPOLATED_D,Lee D is ambient; partition/activation/poly are analogue/ASSUMED; trigger arrival is operational ASSUMED_FOR_DEPLOYMENT_SCENARIO; front dispersion ASSUMED_FOR_SENSITIVITY ±5/10/15 min.,False,False,False
70.0,stokes_einstein,stokes_einstein,1.0,150.0,2.0,0.012259720908797407,10.0,15.0,27.012259720908794,5.0,ASSUMED_FOR_DEPLOYMENT_SCENARIO,32.012259720908794,True,True,0.0,47.987740279091206,True,UNKNOWN,PLAUSIBLE_WITH_EXTRAPOLATED_D,Lee D is ambient; partition/activation/poly are analogue/ASSUMED; trigger arrival is operational ASSUMED_FOR_DEPLOYMENT_SCENARIO; front dispersion ASSUMED_FOR_SENSITIVITY ±5/10/15 min.,True,False,False
70.0,stokes_einstein,stokes_einstein,1.0,150.0,2.0,0.012259720908797407,10.0,15.0,27.012259720908794,10.0,ASSUMED_FOR_DEPLOYMENT_SCENARIO,37.012259720908794,True,True,0.0,47.987740279091206,True,UNKNOWN,PLAUSIBLE_WITH_EXTRAPOLATED_D,Lee D is ambient; partition/activation/poly are analogue/ASSUMED; trigger arrival is operational ASSUMED_FOR_DEPLOYMENT_SCENARIO; front dispersion ASSUMED_FOR_SENSITIVITY ±5/10/15 min.,True,True,False
70.0,stokes_einstein,stokes_einstein,1.0,150.0,2.0,0.012259720908797407,10.0,15.0,27.012259720908794,15.0,ASSUMED_FOR_DEPLOYMENT_SCENARIO,42.012259720908794,True,True,0.0,47.987740279091206,True,UNKNOWN,PLAUSIBLE_WITH_EXTRAPOLATED_D,Lee D is ambient; partition/activation/poly are analogue/ASSUMED; trigger arrival is operational ASSUMED_FOR_DEPLOYMENT_SCENARIO; front dispersion ASSUMED_FOR_SENSITIVITY ±5/10/15 min.,True,True,True
70.0,stokes_einstein,stokes_einstein,1.0,150.0,2.0,0.012259720908797407,10.0,15.0,27.012259720908794,20.0,ASSUMED_FOR_DEPLOYMENT_SCENARIO,47.012259720908794,True,True,0.0,47.987740279091206,True,UNKNOWN,PLAUSIBLE_WITH_EXTRAPOLATED_D,Lee D is ambient; partition/activation/poly are analogue/ASSUMED; trigger arrival is operational ASSUMED_FOR_DEPLOYMENT_SCENARIO; front dispersion ASSUMED_FOR_SENSITIVITY ±5/10/15 min.,True,True,True
70.0,stokes_einstein,stokes_einstein,1.0,150.0,2.0,0.012259720908797407,10.0,15.0,27.012259720908794,25.0,ASSUMED_FOR_DEPLOYMENT_SCENARIO,52.012259720908794,True,True,0.0,47.987740279091206,True,UNKNOWN,PLAUSIBLE_WITH_EXTRAPOLATED_D,Lee D is ambient; partition/activation/poly are analogue/ASSUMED; trigger arrival is operational ASSUMED_FOR_DEPLOYMENT_SCENARIO; front dispersion ASSUMED_FOR_SENSITIVITY ±5/10/15 min.,True,True,True
70.0,stokes_einstein,stokes_einstein,1.0,150.0,2.0,0.012259720908797407,10.0,15.0,27.012259720908794,30.0,ASSUMED_FOR_DEPLOYMENT_SCENARIO,57.012259720908794,True,True,0.0,47.987740279091206,True,UNKNOWN,PLAUSIBLE_WITH_EXTRAPOLATED_D,Lee D is ambient; partition/activation/poly are analogue/ASSUMED; trigger arrival is operational ASSUMED_FOR_DEPLOYMENT_SCENARIO; front dispersion ASSUMED_FOR_SENSITIVITY ±5/10/15 min.,True,True,True
70.0,stokes_einstein,stokes_einstein,1.0,150.0,2.0,0.012259720908797407,10.0,15.0,27.012259720908794,35.0,ASSUMED_FOR_DEPLOYMENT_SCENARIO,62.012259720908794,True,True,0.0,47.987740279091206,True,UNKNOWN,PLAUSIBLE_WITH_EXTRAPOLATED_D,Lee D is ambient; partition/activation/poly are analogue/ASSUMED; trigger arrival is operational ASSUMED_FOR_DEPLOYMENT_SCENARIO; front dispersion ASSUMED_FOR_SENSITIVITY ±5/10/15 min.,True,True,False
70.0,stokes_einstein,stokes_einstein,1.0,150.0,2.0,0.012259720908797407,10.0,15.0,27.012259720908794,40.0,ASSUMED_FOR_DEPLOYMENT_SCENARIO,67.0122597209088,True,True,0.0,47.987740279091206,True,UNKNOWN,PLAUSIBLE_WITH_EXTRAPOLATED_D,Lee D is ambient; partition/activation/poly are analogue/ASSUMED; trigger arrival is operational ASSUMED_FOR_DEPLOYMENT_SCENARIO; front dispersion ASSUMED_FOR_SENSITIVITY ±5/10/15 min.,True,False,False
70.0,stokes_einstein,stokes_einstein,1.0,150.0,2.0,0.012259720908797407,10.0,15.0,27.012259720908794,45.0,ASSUMED_FOR_DEPLOYMENT_SCENARIO,72.01225972090879,True,True,0.0,47.987740279091206,True,UNKNOWN,PLAUSIBLE_WITH_EXTRAPOLATED_D,Lee D is ambient; partition/activation/poly are analogue/ASSUMED; trigger arrival is operational ASSUMED_FOR_DEPLOYMENT_SCENARIO; front dispersion ASSUMED_FOR_SENSITIVITY ±5/10/15 min.,False,False,False
70.0,stokes_einstein,stokes_einstein,1.0,150.0,2.0,0.012259720908797407,10.0,15.0,27.012259720908794,50.0,ASSUMED_FOR_DEPLOYMENT_SCENARIO,77.01225972090879,False,True,0.0,47.987740279091206,True,UNKNOWN,OUTSIDE_WINDOW_OR_UNCONSTRAINED,Lee D is ambient; partition/activation/poly are analogue/ASSUMED; trigger arrival is operational ASSUMED_FOR_DEPLOYMENT_SCENARIO; front dispersion ASSUMED_FOR_SENSITIVITY ±5/10/15 min.,False,False,False
70.0,stokes_einstein,stokes_einstein,1.0,150.0,2.0,0.012259720908797407,10.0,15.0,27.012259720908794,55.0,ASSUMED_FOR_DEPLOYMENT_SCENARIO,82.01225972090879,False,True,0.0,47.987740279091206,True,UNKNOWN,OUTSIDE_WINDOW_OR_UNCONSTRAINED,Lee D is ambient; partition/activation/poly are analogue/ASSUMED; trigger arrival is operational ASSUMED_FOR_DEPLOYMENT_SCENARIO; front dispersion ASSUMED_FOR_SENSITIVITY ±5/10/15 min.,False,False,False
70.0,stokes_einstein,stokes_einstein,1.0,150.0,2.0,0.012259720908797407,10.0,15.0,27.012259720908794,60.0,ASSUMED_FOR_DEPLOYMENT_SCENARIO,87.01225972090879,False,True,0.0,47.987740279091206,True,UNKNOWN,OUTSIDE_WINDOW_OR_UNCONSTRAINED,Lee D is ambient; partition/activation/poly are analogue/ASSUMED; trigger arrival is operational ASSUMED_FOR_DEPLOYMENT_SCENARIO; front dispersion ASSUMED_FOR_SENSITIVITY ±5/10/15 min.,False,False,False
100.0,stokes_einstein,stokes_einstein,1.0,150.0,2.0,0.025019838589382466,10.0,15.0,27.025019838589383,0.0,ASSUMED_FOR_DEPLOYMENT_SCENARIO,27.025019838589383,True,True,0.0,47.97498016141061,True,UNKNOWN,PLAUSIBLE_WITH_EXTRAPOLATED_D,Lee D is ambient; partition/activation/poly are analogue/ASSUMED; trigger arrival is operational ASSUMED_FOR_DEPLOYMENT_SCENARIO; front dispersion ASSUMED_FOR_SENSITIVITY ±5/10/15 min.,False,False,False
100.0,stokes_einstein,stokes_einstein,1.0,150.0,2.0,0.025019838589382466,10.0,15.0,27.025019838589383,5.0,ASSUMED_FOR_DEPLOYMENT_SCENARIO,32.02501983858938,True,True,0.0,47.97498016141061,True,UNKNOWN,PLAUSIBLE_WITH_EXTRAPOLATED_D,Lee D is ambient; partition/activation/poly are analogue/ASSUMED; trigger arrival is operational ASSUMED_FOR_DEPLOYMENT_SCENARIO; front dispersion ASSUMED_FOR_SENSITIVITY ±5/10/15 min.,True,False,False
100.0,stokes_einstein,stokes_einstein,1.0,150.0,2.0,0.025019838589382466,10.0,15.0,27.025019838589383,10.0,ASSUMED_FOR_DEPLOYMENT_SCENARIO,37.02501983858938,True,True,0.0,47.97498016141061,True,UNKNOWN,PLAUSIBLE_WITH_EXTRAPOLATED_D,Lee D is ambient; partition/activation/poly are analogue/ASSUMED; trigger arrival is operational ASSUMED_FOR_DEPLOYMENT_SCENARIO; front dispersion ASSUMED_FOR_SENSITIVITY ±5/10/15 min.,True,True,False
100.0,stokes_einstein,stokes_einstein,1.0,150.0,2.0,0.025019838589382466,10.0,15.0,27.025019838589383,15.0,ASSUMED_FOR_DEPLOYMENT_SCENARIO,42.02501983858938,True,True,0.0,47.97498016141061,True,UNKNOWN,PLAUSIBLE_WITH_EXTRAPOLATED_D,Lee D is ambient; partition/activation/poly are analogue/ASSUMED; trigger arrival is operational ASSUMED_FOR_DEPLOYMENT_SCENARIO; front dispersion ASSUMED_FOR_SENSITIVITY ±5/10/15 min.,True,True,True
100.0,stokes_einstein,stokes_einstein,1.0,150.0,2.0,0.025019838589382466,10.0,15.0,27.025019838589383,20.0,ASSUMED_FOR_DEPLOYMENT_SCENARIO,47.02501983858938,True,True,0.0,47.97498016141061,True,UNKNOWN,PLAUSIBLE_WITH_EXTRAPOLATED_D,Lee D is ambient; partition/activation/poly are analogue/ASSUMED; trigger arrival is operational ASSUMED_FOR_DEPLOYMENT_SCENARIO; front dispersion ASSUMED_FOR_SENSITIVITY ±5/10/15 min.,True,True,True
100.0,stokes_einstein,stokes_einstein,1.0,150.0,2.0,0.025019838589382466,10.0,15.0,27.025019838589383,25.0,ASSUMED_FOR_DEPLOYMENT_SCENARIO,52.02501983858938,True,True,0.0,47.97498016141061,True,UNKNOWN,PLAUSIBLE_WITH_EXTRAPOLATED_D,Lee D is ambient; partition/activation/poly are analogue/ASSUMED; trigger arrival is operational ASSUMED_FOR_DEPLOYMENT_SCENARIO; front dispersion ASSUMED_FOR_SENSITIVITY ±5/10/15 min.,True,True,True
100.0,stokes_einstein,stokes_einstein,1.0,150.0,2.0,0.025019838589382466,10.0,15.0,27.025019838589383,30.0,ASSUMED_FOR_DEPLOYMENT_SCENARIO,57.02501983858938,True,True,0.0,47.97498016141061,True,UNKNOWN,PLAUSIBLE_WITH_EXTRAPOLATED_D,Lee D is ambient; partition/activation/poly are analogue/ASSUMED; trigger arrival is operational ASSUMED_FOR_DEPLOYMENT_SCENARIO; front dispersion ASSUMED_FOR_SENSITIVITY ±5/10/15 min.,True,True,True
100.0,stokes_einstein,stokes_einstein,1.0,150.0,2.0,0.025019838589382466,10.0,15.0,27.025019838589383,35.0,ASSUMED_FOR_DEPLOYMENT_SCENARIO,62.02501983858938,True,True,0.0,47.97498016141061,True,UNKNOWN,PLAUSIBLE_WITH_EXTRAPOLATED_D,Lee D is ambient; partition/activation/poly are analogue/ASSUMED; trigger arrival is operational ASSUMED_FOR_DEPLOYMENT_SCENARIO; front dispersion ASSUMED_FOR_SENSITIVITY ±5/10/15 min.,True,True,False
100.0,stokes_einstein,stokes_einstein,1.0,150.0,2.0,0.025019838589382466,10.0,15.0,27.025019838589383,40.0,ASSUMED_FOR_DEPLOYMENT_SCENARIO,67.02501983858937,True,True,0.0,47.97498016141061,True,UNKNOWN,PLAUSIBLE_WITH_EXTRAPOLATED_D,Lee D is ambient; partition/activation/poly are analogue/ASSUMED; trigger arrival is operational ASSUMED_FOR_DEPLOYMENT_SCENARIO; front dispersion ASSUMED_FOR_SENSITIVITY ±5/10/15 min.,True,False,False
100.0,stokes_einstein,stokes_einstein,1.0,150.0,2.0,0.025019838589382466,10.0,15.0,27.025019838589383,45.0,ASSUMED_FOR_DEPLOYMENT_SCENARIO,72.02501983858937,True,True,0.0,47.97498016141061,True,UNKNOWN,PLAUSIBLE_WITH_EXTRAPOLATED_D,Lee D is ambient; partition/activation/poly are analogue/ASSUMED; trigger arrival is operational ASSUMED_FOR_DEPLOYMENT_SCENARIO; front dispersion ASSUMED_FOR_SENSITIVITY ±5/10/15 min.,False,False,False
100.0,stokes_einstein,stokes_einstein,1.0,150.0,2.0,0.025019838589382466,10.0,15.0,27.025019838589383,50.0,ASSUMED_FOR_DEPLOYMENT_SCENARIO,77.02501983858937,False,True,0.0,47.97498016141061,True,UNKNOWN,OUTSIDE_WINDOW_OR_UNCONSTRAINED,Lee D is ambient; partition/activation/poly are analogue/ASSUMED; trigger arrival is operational ASSUMED_FOR_DEPLOYMENT_SCENARIO; front dispersion ASSUMED_FOR_SENSITIVITY ±5/10/15 min.,False,False,False
100.0,stokes_einstein,stokes_einstein,1.0,150.0,2.0,0.025019838589382466,10.0,15.0,27.025019838589383,55.0,ASSUMED_FOR_DEPLOYMENT_SCENARIO,82.02501983858937,False,True,0.0,47.97498016141061,True,UNKNOWN,OUTSIDE_WINDOW_OR_UNCONSTRAINED,Lee D is ambient; partition/activation/poly are analogue/ASSUMED; trigger arrival is operational ASSUMED_FOR_DEPLOYMENT_SCENARIO; front dispersion ASSUMED_FOR_SENSITIVITY ±5/10/15 min.,False,False,False
100.0,stokes_einstein,stokes_einstein,1.0,150.0,2.0,0.025019838589382466,10.0,15.0,27.025019838589383,60.0,ASSUMED_FOR_DEPLOYMENT_SCENARIO,87.02501983858937,False,True,0.0,47.97498016141061,True,UNKNOWN,OUTSIDE_WINDOW_OR_UNCONSTRAINED,Lee D is ambient; partition/activation/poly are analogue/ASSUMED; trigger arrival is operational ASSUMED_FOR_DEPLOYMENT_SCENARIO; front dispersion ASSUMED_FOR_SENSITIVITY ±5/10/15 min.,False,False,False
150.0,stokes_einstein,stokes_einstein,1.0,150.0,2.0,0.05629463682611054,10.0,15.0,27.05629463682611,0.0,ASSUMED_FOR_DEPLOYMENT_SCENARIO,27.05629463682611,True,True,0.0,47.94370536317389,True,UNKNOWN,PLAUSIBLE_WITH_EXTRAPOLATED_D,Lee D is ambient; partition/activation/poly are analogue/ASSUMED; trigger arrival is operational ASSUMED_FOR_DEPLOYMENT_SCENARIO; front dispersion ASSUMED_FOR_SENSITIVITY ±5/10/15 min.,False,False,False
150.0,stokes_einstein,stokes_einstein,1.0,150.0,2.0,0.05629463682611054,10.0,15.0,27.05629463682611,5.0,ASSUMED_FOR_DEPLOYMENT_SCENARIO,32.05629463682611,True,True,0.0,47.94370536317389,True,UNKNOWN,PLAUSIBLE_WITH_EXTRAPOLATED_D,Lee D is ambient; partition/activation/poly are analogue/ASSUMED; trigger arrival is operational ASSUMED_FOR_DEPLOYMENT_SCENARIO; front dispersion ASSUMED_FOR_SENSITIVITY ±5/10/15 min.,True,False,False
150.0,stokes_einstein,stokes_einstein,1.0,150.0,2.0,0.05629463682611054,10.0,15.0,27.05629463682611,10.0,ASSUMED_FOR_DEPLOYMENT_SCENARIO,37.05629463682611,True,True,0.0,47.94370536317389,True,UNKNOWN,PLAUSIBLE_WITH_EXTRAPOLATED_D,Lee D is ambient; partition/activation/poly are analogue/ASSUMED; trigger arrival is operational ASSUMED_FOR_DEPLOYMENT_SCENARIO; front dispersion ASSUMED_FOR_SENSITIVITY ±5/10/15 min.,True,True,False
150.0,stokes_einstein,stokes_einstein,1.0,150.0,2.0,0.05629463682611054,10.0,15.0,27.05629463682611,15.0,ASSUMED_FOR_DEPLOYMENT_SCENARIO,42.05629463682611,True,True,0.0,47.94370536317389,True,UNKNOWN,PLAUSIBLE_WITH_EXTRAPOLATED_D,Lee D is ambient; partition/activation/poly are analogue/ASSUMED; trigger arrival is operational ASSUMED_FOR_DEPLOYMENT_SCENARIO; front dispersion ASSUMED_FOR_SENSITIVITY ±5/10/15 min.,True,True,True
150.0,stokes_einstein,stokes_einstein,1.0,150.0,2.0,0.05629463682611054,10.0,15.0,27.05629463682611,20.0,ASSUMED_FOR_DEPLOYMENT_SCENARIO,47.05629463682611,True,True,0.0,47.94370536317389,True,UNKNOWN,PLAUSIBLE_WITH_EXTRAPOLATED_D,Lee D is ambient; partition/activation/poly are analogue/ASSUMED; trigger arrival is operational ASSUMED_FOR_DEPLOYMENT_SCENARIO; front dispersion ASSUMED_FOR_SENSITIVITY ±5/10/15 min.,True,True,True
150.0,stokes_einstein,stokes_einstein,1.0,150.0,2.0,0.05629463682611054,10.0,15.0,27.05629463682611,25.0,ASSUMED_FOR_DEPLOYMENT_SCENARIO,52.05629463682611,True,True,0.0,47.94370536317389,True,UNKNOWN,PLAUSIBLE_WITH_EXTRAPOLATED_D,Lee D is ambient; partition/activation/poly are analogue/ASSUMED; trigger arrival is operational ASSUMED_FOR_DEPLOYMENT_SCENARIO; front dispersion ASSUMED_FOR_SENSITIVITY ±5/10/15 min.,True,True,True
150.0,stokes_einstein,stokes_einstein,1.0,150.0,2.0,0.05629463682611054,10.0,15.0,27.05629463682611,30.0,ASSUMED_FOR_DEPLOYMENT_SCENARIO,57.05629463682611,True,True,0.0,47.94370536317389,True,UNKNOWN,PLAUSIBLE_WITH_EXTRAPOLATED_D,Lee D is ambient; partition/activation/poly are analogue/ASSUMED; trigger arrival is operational ASSUMED_FOR_DEPLOYMENT_SCENARIO; front dispersion ASSUMED_FOR_SENSITIVITY ±5/10/15 min.,True,True,True
150.0,stokes_einstein,stokes_einstein,1.0,150.0,2.0,0.05629463682611054,10.0,15.0,27.05629463682611,35.0,ASSUMED_FOR_DEPLOYMENT_SCENARIO,62.05629463682611,True,True,0.0,47.94370536317389,True,UNKNOWN,PLAUSIBLE_WITH_EXTRAPOLATED_D,Lee D is ambient; partition/activation/poly are analogue/ASSUMED; trigger arrival is operational ASSUMED_FOR_DEPLOYMENT_SCENARIO; front dispersion ASSUMED_FOR_SENSITIVITY ±5/10/15 min.,True,True,False
150.0,stokes_einstein,stokes_einstein,1.0,150.0,2.0,0.05629463682611054,10.0,15.0,27.05629463682611,40.0,ASSUMED_FOR_DEPLOYMENT_SCENARIO,67.05629463682611,True,True,0.0,47.94370536317389,True,UNKNOWN,PLAUSIBLE_WITH_EXTRAPOLATED_D,Lee D is ambient; partition/activation/poly are analogue/ASSUMED; trigger arrival is operational ASSUMED_FOR_DEPLOYMENT_SCENARIO; front dispersion ASSUMED_FOR_SENSITIVITY ±5/10/15 min.,True,False,False
150.0,stokes_einstein,stokes_einstein,1.0,150.0,2.0,0.05629463682611054,10.0,15.0,27.05629463682611,45.0,ASSUMED_FOR_DEPLOYMENT_SCENARIO,72.05629463682611,True,True,0.0,47.94370536317389,True,UNKNOWN,PLAUSIBLE_WITH_EXTRAPOLATED_D,Lee D is ambient; partition/activation/poly are analogue/ASSUMED; trigger arrival is operational ASSUMED_FOR_DEPLOYMENT_SCENARIO; front dispersion ASSUMED_FOR_SENSITIVITY ±5/10/15 min.,False,False,False
150.0,stokes_einstein,stokes_einstein,1.0,150.0,2.0,0.05629463682611054,10.0,15.0,27.05629463682611,50.0,ASSUMED_FOR_DEPLOYMENT_SCENARIO,77.05629463682611,False,True,0.0,47.94370536317389,True,UNKNOWN,OUTSIDE_WINDOW_OR_UNCONSTRAINED,Lee D is ambient; partition/activation/poly are analogue/ASSUMED; trigger arrival is operational ASSUMED_FOR_DEPLOYMENT_SCENARIO; front dispersion ASSUMED_FOR_SENSITIVITY ±5/10/15 min.,False,False,False
150.0,stokes_einstein,stokes_einstein,1.0,150.0,2.0,0.05629463682611054,10.0,15.0,27.05629463682611,55.0,ASSUMED_FOR_DEPLOYMENT_SCENARIO,82.05629463682611,False,True,0.0,47.94370536317389,True,UNKNOWN,OUTSIDE_WINDOW_OR_UNCONSTRAINED,Lee D is ambient; partition/activation/poly are analogue/ASSUMED; trigger arrival is operational ASSUMED_FOR_DEPLOYMENT_SCENARIO; front dispersion ASSUMED_FOR_SENSITIVITY ±5/10/15 min.,False,False,False
150.0,stokes_einstein,stokes_einstein,1.0,150.0,2.0,0.05629463682611054,10.0,15.0,27.05629463682611,60.0,ASSUMED_FOR_DEPLOYMENT_SCENARIO,87.05629463682611,False,True,0.0,47.94370536317389,True,UNKNOWN,OUTSIDE_WINDOW_OR_UNCONSTRAINED,Lee D is ambient; partition/activation/poly are analogue/ASSUMED; trigger arrival is operational ASSUMED_FOR_DEPLOYMENT_SCENARIO; front dispersion ASSUMED_FOR_SENSITIVITY ±5/10/15 min.,False,False,False
200.0,stokes_einstein,stokes_einstein,1.0,150.0,2.0,0.10007935435752986,10.0,15.0,27.10007935435753,0.0,ASSUMED_FOR_DEPLOYMENT_SCENARIO,27.10007935435753,True,True,0.0,47.89992064564247,True,UNKNOWN,PLAUSIBLE_WITH_EXTRAPOLATED_D,Lee D is ambient; partition/activation/poly are analogue/ASSUMED; trigger arrival is operational ASSUMED_FOR_DEPLOYMENT_SCENARIO; front dispersion ASSUMED_FOR_SENSITIVITY ±5/10/15 min.,False,False,False
200.0,stokes_einstein,stokes_einstein,1.0,150.0,2.0,0.10007935435752986,10.0,15.0,27.10007935435753,5.0,ASSUMED_FOR_DEPLOYMENT_SCENARIO,32.100079354357526,True,True,0.0,47.89992064564247,True,UNKNOWN,PLAUSIBLE_WITH_EXTRAPOLATED_D,Lee D is ambient; partition/activation/poly are analogue/ASSUMED; trigger arrival is operational ASSUMED_FOR_DEPLOYMENT_SCENARIO; front dispersion ASSUMED_FOR_SENSITIVITY ±5/10/15 min.,True,False,False
200.0,stokes_einstein,stokes_einstein,1.0,150.0,2.0,0.10007935435752986,10.0,15.0,27.10007935435753,10.0,ASSUMED_FOR_DEPLOYMENT_SCENARIO,37.100079354357526,True,True,0.0,47.89992064564247,True,UNKNOWN,PLAUSIBLE_WITH_EXTRAPOLATED_D,Lee D is ambient; partition/activation/poly are analogue/ASSUMED; trigger arrival is operational ASSUMED_FOR_DEPLOYMENT_SCENARIO; front dispersion ASSUMED_FOR_SENSITIVITY ±5/10/15 min.,True,True,False
200.0,stokes_einstein,stokes_einstein,1.0,150.0,2.0,0.10007935435752986,10.0,15.0,27.10007935435753,15.0,ASSUMED_FOR_DEPLOYMENT_SCENARIO,42.100079354357526,True,True,0.0,47.89992064564247,True,UNKNOWN,PLAUSIBLE_WITH_EXTRAPOLATED_D,Lee D is ambient; partition/activation/poly are analogue/ASSUMED; trigger arrival is operational ASSUMED_FOR_DEPLOYMENT_SCENARIO; front dispersion ASSUMED_FOR_SENSITIVITY ±5/10/15 min.,True,True,True
200.0,stokes_einstein,stokes_einstein,1.0,150.0,2.0,0.10007935435752986,10.0,15.0,27.10007935435753,20.0,ASSUMED_FOR_DEPLOYMENT_SCENARIO,47.100079354357526,True,True,0.0,47.89992064564247,True,UNKNOWN,PLAUSIBLE_WITH_EXTRAPOLATED_D,Lee D is ambient; partition/activation/poly are analogue/ASSUMED; trigger arrival is operational ASSUMED_FOR_DEPLOYMENT_SCENARIO; front dispersion ASSUMED_FOR_SENSITIVITY ±5/10/15 min.,True,True,True
200.0,stokes_einstein,stokes_einstein,1.0,150.0,2.0,0.10007935435752986,10.0,15.0,27.10007935435753,25.0,ASSUMED_FOR_DEPLOYMENT_SCENARIO,52.100079354357526,True,True,0.0,47.89992064564247,True,UNKNOWN,PLAUSIBLE_WITH_EXTRAPOLATED_D,Lee D is ambient; partition/activation/poly are analogue/ASSUMED; trigger arrival is operational ASSUMED_FOR_DEPLOYMENT_SCENARIO; front dispersion ASSUMED_FOR_SENSITIVITY ±5/10/15 min.,True,True,True
200.0,stokes_einstein,stokes_einstein,1.0,150.0,2.0,0.10007935435752986,10.0,15.0,27.10007935435753,30.0,ASSUMED_FOR_DEPLOYMENT_SCENARIO,57.100079354357526,True,True,0.0,47.89992064564247,True,UNKNOWN,PLAUSIBLE_WITH_EXTRAPOLATED_D,Lee D is ambient; partition/activation/poly are analogue/ASSUMED; trigger arrival is operational ASSUMED_FOR_DEPLOYMENT_SCENARIO; front dispersion ASSUMED_FOR_SENSITIVITY ±5/10/15 min.,True,True,True
200.0,stokes_einstein,stokes_einstein,1.0,150.0,2.0,0.10007935435752986,10.0,15.0,27.10007935435753,35.0,ASSUMED_FOR_DEPLOYMENT_SCENARIO,62.100079354357526,True,True,0.0,47.89992064564247,True,UNKNOWN,PLAUSIBLE_WITH_EXTRAPOLATED_D,Lee D is ambient; partition/activation/poly are analogue/ASSUMED; trigger arrival is operational ASSUMED_FOR_DEPLOYMENT_SCENARIO; front dispersion ASSUMED_FOR_SENSITIVITY ±5/10/15 min.,True,True,False
200.0,stokes_einstein,stokes_einstein,1.0,150.0,2.0,0.10007935435752986,10.0,15.0,27.10007935435753,40.0,ASSUMED_FOR_DEPLOYMENT_SCENARIO,67.10007935435753,True,True,0.0,47.89992064564247,True,UNKNOWN,PLAUSIBLE_WITH_EXTRAPOLATED_D,Lee D is ambient; partition/activation/poly are analogue/ASSUMED; trigger arrival is operational ASSUMED_FOR_DEPLOYMENT_SCENARIO; front dispersion ASSUMED_FOR_SENSITIVITY ±5/10/15 min.,True,False,False
200.0,stokes_einstein,stokes_einstein,1.0,150.0,2.0,0.10007935435752986,10.0,15.0,27.10007935435753,45.0,ASSUMED_FOR_DEPLOYMENT_SCENARIO,72.10007935435753,True,True,0.0,47.89992064564247,True,UNKNOWN,PLAUSIBLE_WITH_EXTRAPOLATED_D,Lee D is ambient; partition/activation/poly are analogue/ASSUMED; trigger arrival is operational ASSUMED_FOR_DEPLOYMENT_SCENARIO; front dispersion ASSUMED_FOR_SENSITIVITY ±5/10/15 min.,False,False,False
200.0,stokes_einstein,stokes_einstein,1.0,150.0,2.0,0.10007935435752986,10.0,15.0,27.10007935435753,50.0,ASSUMED_FOR_DEPLOYMENT_SCENARIO,77.10007935435753,False,True,0.0,47.89992064564247,True,UNKNOWN,OUTSIDE_WINDOW_OR_UNCONSTRAINED,Lee D is ambient; partition/activation/poly are analogue/ASSUMED; trigger arrival is operational ASSUMED_FOR_DEPLOYMENT_SCENARIO; front dispersion ASSUMED_FOR_SENSITIVITY ±5/10/15 min.,False,False,False
200.0,stokes_einstein,stokes_einstein,1.0,150.0,2.0,0.10007935435752986,10.0,15.0,27.10007935435753,55.0,ASSUMED_FOR_DEPLOYMENT_SCENARIO,82.10007935435753,False,True,0.0,47.89992064564247,True,UNKNOWN,OUTSIDE_WINDOW_OR_UNCONSTRAINED,Lee D is ambient; partition/activation/poly are analogue/ASSUMED; trigger arrival is operational ASSUMED_FOR_DEPLOYMENT_SCENARIO; front dispersion ASSUMED_FOR_SENSITIVITY ±5/10/15 min.,False,False,False
200.0,stokes_einstein,stokes_einstein,1.0,150.0,2.0,0.10007935435752986,10.0,15.0,27.10007935435753,60.0,ASSUMED_FOR_DEPLOYMENT_SCENARIO,87.10007935435753,False,True,0.0,47.89992064564247,True,UNKNOWN,OUTSIDE_WINDOW_OR_UNCONSTRAINED,Lee D is ambient; partition/activation/poly are analogue/ASSUMED; trigger arrival is operational ASSUMED_FOR_DEPLOYMENT_SCENARIO; front dispersion ASSUMED_FOR_SENSITIVITY ±5/10/15 min.,False,False,False
270.0,stokes_einstein,stokes_einstein,1.0,150.0,2.0,0.1823946233165982,10.0,15.0,27.1823946233166,0.0,ASSUMED_FOR_DEPLOYMENT_SCENARIO,27.1823946233166,True,True,0.0,47.8176053766834,True,UNKNOWN,PLAUSIBLE_WITH_EXTRAPOLATED_D,Lee D is ambient; partition/activation/poly are analogue/ASSUMED; trigger arrival is operational ASSUMED_FOR_DEPLOYMENT_SCENARIO; front dispersion ASSUMED_FOR_SENSITIVITY ±5/10/15 min.,False,False,False
270.0,stokes_einstein,stokes_einstein,1.0,150.0,2.0,0.1823946233165982,10.0,15.0,27.1823946233166,5.0,ASSUMED_FOR_DEPLOYMENT_SCENARIO,32.1823946233166,True,True,0.0,47.8176053766834,True,UNKNOWN,PLAUSIBLE_WITH_EXTRAPOLATED_D,Lee D is ambient; partition/activation/poly are analogue/ASSUMED; trigger arrival is operational ASSUMED_FOR_DEPLOYMENT_SCENARIO; front dispersion ASSUMED_FOR_SENSITIVITY ±5/10/15 min.,True,False,False
270.0,stokes_einstein,stokes_einstein,1.0,150.0,2.0,0.1823946233165982,10.0,15.0,27.1823946233166,10.0,ASSUMED_FOR_DEPLOYMENT_SCENARIO,37.1823946233166,True,True,0.0,47.8176053766834,True,UNKNOWN,PLAUSIBLE_WITH_EXTRAPOLATED_D,Lee D is ambient; partition/activation/poly are analogue/ASSUMED; trigger arrival is operational ASSUMED_FOR_DEPLOYMENT_SCENARIO; front dispersion ASSUMED_FOR_SENSITIVITY ±5/10/15 min.,True,True,False
270.0,stokes_einstein,stokes_einstein,1.0,150.0,2.0,0.1823946233165982,10.0,15.0,27.1823946233166,15.0,ASSUMED_FOR_DEPLOYMENT_SCENARIO,42.1823946233166,True,True,0.0,47.8176053766834,True,UNKNOWN,PLAUSIBLE_WITH_EXTRAPOLATED_D,Lee D is ambient; partition/activation/poly are analogue/ASSUMED; trigger arrival is operational ASSUMED_FOR_DEPLOYMENT_SCENARIO; front dispersion ASSUMED_FOR_SENSITIVITY ±5/10/15 min.,True,True,True
270.0,stokes_einstein,stokes_einstein,1.0,150.0,2.0,0.1823946233165982,10.0,15.0,27.1823946233166,20.0,ASSUMED_FOR_DEPLOYMENT_SCENARIO,47.1823946233166,True,True,0.0,47.8176053766834,True,UNKNOWN,PLAUSIBLE_WITH_EXTRAPOLATED_D,Lee D is ambient; partition/activation/poly are analogue/ASSUMED; trigger arrival is operational ASSUMED_FOR_DEPLOYMENT_SCENARIO; front dispersion ASSUMED_FOR_SENSITIVITY ±5/10/15 min.,True,True,True
270.0,stokes_einstein,stokes_einstein,1.0,150.0,2.0,0.1823946233165982,10.0,15.0,27.1823946233166,25.0,ASSUMED_FOR_DEPLOYMENT_SCENARIO,52.1823946233166,True,True,0.0,47.8176053766834,True,UNKNOWN,PLAUSIBLE_WITH_EXTRAPOLATED_D,Lee D is ambient; partition/activation/poly are analogue/ASSUMED; trigger arrival is operational ASSUMED_FOR_DEPLOYMENT_SCENARIO; front dispersion ASSUMED_FOR_SENSITIVITY ±5/10/15 min.,True,True,True
270.0,stokes_einstein,stokes_einstein,1.0,150.0,2.0,0.1823946233165982,10.0,15.0,27.1823946233166,30.0,ASSUMED_FOR_DEPLOYMENT_SCENARIO,57.1823946233166,True,True,0.0,47.8176053766834,True,UNKNOWN,PLAUSIBLE_WITH_EXTRAPOLATED_D,Lee D is ambient; partition/activation/poly are analogue/ASSUMED; trigger arrival is operational ASSUMED_FOR_DEPLOYMENT_SCENARIO; front dispersion ASSUMED_FOR_SENSITIVITY ±5/10/15 min.,True,True,True
270.0,stokes_einstein,stokes_einstein,1.0,150.0,2.0,0.1823946233165982,10.0,15.0,27.1823946233166,35.0,ASSUMED_FOR_DEPLOYMENT_SCENARIO,62.1823946233166,True,True,0.0,47.8176053766834,True,UNKNOWN,PLAUSIBLE_WITH_EXTRAPOLATED_D,Lee D is ambient; partition/activation/poly are analogue/ASSUMED; trigger arrival is operational ASSUMED_FOR_DEPLOYMENT_SCENARIO; front dispersion ASSUMED_FOR_SENSITIVITY ±5/10/15 min.,True,True,False
270.0,stokes_einstein,stokes_einstein,1.0,150.0,2.0,0.1823946233165982,10.0,15.0,27.1823946233166,40.0,ASSUMED_FOR_DEPLOYMENT_SCENARIO,67.1823946233166,True,True,0.0,47.8176053766834,True,UNKNOWN,PLAUSIBLE_WITH_EXTRAPOLATED_D,Lee D is ambient; partition/activation/poly are analogue/ASSUMED; trigger arrival is operational ASSUMED_FOR_DEPLOYMENT_SCENARIO; front dispersion ASSUMED_FOR_SENSITIVITY ±5/10/15 min.,True,False,False
270.0,stokes_einstein,stokes_einstein,1.0,150.0,2.0,0.1823946233165982,10.0,15.0,27.1823946233166,45.0,ASSUMED_FOR_DEPLOYMENT_SCENARIO,72.18239462331661,True,True,0.0,47.8176053766834,True,UNKNOWN,PLAUSIBLE_WITH_EXTRAPOLATED_D,Lee D is ambient; partition/activation/poly are analogue/ASSUMED; trigger arrival is operational ASSUMED_FOR_DEPLOYMENT_SCENARIO; front dispersion ASSUMED_FOR_SENSITIVITY ±5/10/15 min.,False,False,False
270.0,stokes_einstein,stokes_einstein,1.0,150.0,2.0,0.1823946233165982,10.0,15.0,27.1823946233166,50.0,ASSUMED_FOR_DEPLOYMENT_SCENARIO,77.18239462331661,False,True,0.0,47.8176053766834,True,UNKNOWN,OUTSIDE_WINDOW_OR_UNCONSTRAINED,Lee D is ambient; partition/activation/poly are analogue/ASSUMED; trigger arrival is operational ASSUMED_FOR_DEPLOYMENT_SCENARIO; front dispersion ASSUMED_FOR_SENSITIVITY ±5/10/15 min.,False,False,False
270.0,stokes_einstein,stokes_einstein,1.0,150.0,2.0,0.1823946233165982,10.0,15.0,27.1823946233166,55.0,ASSUMED_FOR_DEPLOYMENT_SCENARIO,82.18239462331661,False,True,0.0,47.8176053766834,True,UNKNOWN,OUTSIDE_WINDOW_OR_UNCONSTRAINED,Lee D is ambient; partition/activation/poly are analogue/ASSUMED; trigger arrival is operational ASSUMED_FOR_DEPLOYMENT_SCENARIO; front dispersion ASSUMED_FOR_SENSITIVITY ±5/10/15 min.,False,False,False
270.0,stokes_einstein,stokes_einstein,1.0,150.0,2.0,0.1823946233165982,10.0,15.0,27.1823946233166,60.0,ASSUMED_FOR_DEPLOYMENT_SCENARIO,87.18239462331661,False,True,0.0,47.8176053766834,True,UNKNOWN,OUTSIDE_WINDOW_OR_UNCONSTRAINED,Lee D is ambient; partition/activation/poly are analogue/ASSUMED; trigger arrival is operational ASSUMED_FOR_DEPLOYMENT_SCENARIO; front dispersion ASSUMED_FOR_SENSITIVITY ±5/10/15 min.,False,False,False
300.0,stokes_einstein,stokes_einstein,1.0,150.0,2.0,0.22517854730444217,10.0,15.0,27.22517854730444,0.0,ASSUMED_FOR_DEPLOYMENT_SCENARIO,27.22517854730444,True,True,0.0,47.77482145269556,True,UNKNOWN,PLAUSIBLE_WITH_EXTRAPOLATED_D,Lee D is ambient; partition/activation/poly are analogue/ASSUMED; trigger arrival is operational ASSUMED_FOR_DEPLOYMENT_SCENARIO; front dispersion ASSUMED_FOR_SENSITIVITY ±5/10/15 min.,False,False,False
300.0,stokes_einstein,stokes_einstein,1.0,150.0,2.0,0.22517854730444217,10.0,15.0,27.22517854730444,5.0,ASSUMED_FOR_DEPLOYMENT_SCENARIO,32.225178547304445,True,True,0.0,47.77482145269556,True,UNKNOWN,PLAUSIBLE_WITH_EXTRAPOLATED_D,Lee D is ambient; partition/activation/poly are analogue/ASSUMED; trigger arrival is operational ASSUMED_FOR_DEPLOYMENT_SCENARIO; front dispersion ASSUMED_FOR_SENSITIVITY ±5/10/15 min.,True,False,False
300.0,stokes_einstein,stokes_einstein,1.0,150.0,2.0,0.22517854730444217,10.0,15.0,27.22517854730444,10.0,ASSUMED_FOR_DEPLOYMENT_SCENARIO,37.225178547304445,True,True,0.0,47.77482145269556,True,UNKNOWN,PLAUSIBLE_WITH_EXTRAPOLATED_D,Lee D is ambient; partition/activation/poly are analogue/ASSUMED; trigger arrival is operational ASSUMED_FOR_DEPLOYMENT_SCENARIO; front dispersion ASSUMED_FOR_SENSITIVITY ±5/10/15 min.,True,True,False
300.0,stokes_einstein,stokes_einstein,1.0,150.0,2.0,0.22517854730444217,10.0,15.0,27.22517854730444,15.0,ASSUMED_FOR_DEPLOYMENT_SCENARIO,42.225178547304445,True,True,0.0,47.77482145269556,True,UNKNOWN,PLAUSIBLE_WITH_EXTRAPOLATED_D,Lee D is ambient; partition/activation/poly are analogue/ASSUMED; trigger arrival is operational ASSUMED_FOR_DEPLOYMENT_SCENARIO; front dispersion ASSUMED_FOR_SENSITIVITY ±5/10/15 min.,True,True,True
300.0,stokes_einstein,stokes_einstein,1.0,150.0,2.0,0.22517854730444217,10.0,15.0,27.22517854730444,20.0,ASSUMED_FOR_DEPLOYMENT_SCENARIO,47.225178547304445,True,True,0.0,47.77482145269556,True,UNKNOWN,PLAUSIBLE_WITH_EXTRAPOLATED_D,Lee D is ambient; partition/activation/poly are analogue/ASSUMED; trigger arrival is operational ASSUMED_FOR_DEPLOYMENT_SCENARIO; front dispersion ASSUMED_FOR_SENSITIVITY ±5/10/15 min.,True,True,True
300.0,stokes_einstein,stokes_einstein,1.0,150.0,2.0,0.22517854730444217,10.0,15.0,27.22517854730444,25.0,ASSUMED_FOR_DEPLOYMENT_SCENARIO,52.225178547304445,True,True,0.0,47.77482145269556,True,UNKNOWN,PLAUSIBLE_WITH_EXTRAPOLATED_D,Lee D is ambient; partition/activation/poly are analogue/ASSUMED; trigger arrival is operational ASSUMED_FOR_DEPLOYMENT_SCENARIO; front dispersion ASSUMED_FOR_SENSITIVITY ±5/10/15 min.,True,True,True
300.0,stokes_einstein,stokes_einstein,1.0,150.0,2.0,0.22517854730444217,10.0,15.0,27.22517854730444,30.0,ASSUMED_FOR_DEPLOYMENT_SCENARIO,57.225178547304445,True,True,0.0,47.77482145269556,True,UNKNOWN,PLAUSIBLE_WITH_EXTRAPOLATED_D,Lee D is ambient; partition/activation/poly are analogue/ASSUMED; trigger arrival is operational ASSUMED_FOR_DEPLOYMENT_SCENARIO; front dispersion ASSUMED_FOR_SENSITIVITY ±5/10/15 min.,True,True,True
300.0,stokes_einstein,stokes_einstein,1.0,150.0,2.0,0.22517854730444217,10.0,15.0,27.22517854730444,35.0,ASSUMED_FOR_DEPLOYMENT_SCENARIO,62.225178547304445,True,True,0.0,47.77482145269556,True,UNKNOWN,PLAUSIBLE_WITH_EXTRAPOLATED_D,Lee D is ambient; partition/activation/poly are analogue/ASSUMED; trigger arrival is operational ASSUMED_FOR_DEPLOYMENT_SCENARIO; front dispersion ASSUMED_FOR_SENSITIVITY ±5/10/15 min.,True,True,False
300.0,stokes_einstein,stokes_einstein,1.0,150.0,2.0,0.22517854730444217,10.0,15.0,27.22517854730444,40.0,ASSUMED_FOR_DEPLOYMENT_SCENARIO,67.22517854730444,True,True,0.0,47.77482145269556,True,UNKNOWN,PLAUSIBLE_WITH_EXTRAPOLATED_D,Lee D is ambient; partition/activation/poly are analogue/ASSUMED; trigger arrival is operational ASSUMED_FOR_DEPLOYMENT_SCENARIO; front dispersion ASSUMED_FOR_SENSITIVITY ±5/10/15 min.,True,False,False
300.0,stokes_einstein,stokes_einstein,1.0,150.0,2.0,0.22517854730444217,10.0,15.0,27.22517854730444,45.0,ASSUMED_FOR_DEPLOYMENT_SCENARIO,72.22517854730444,True,True,0.0,47.77482145269556,True,UNKNOWN,PLAUSIBLE_WITH_EXTRAPOLATED_D,Lee D is ambient; partition/activation/poly are analogue/ASSUMED; trigger arrival is operational ASSUMED_FOR_DEPLOYMENT_SCENARIO; front dispersion ASSUMED_FOR_SENSITIVITY ±5/10/15 min.,False,False,False
300.0,stokes_einstein,stokes_einstein,1.0,150.0,2.0,0.22517854730444217,10.0,15.0,27.22517854730444,50.0,ASSUMED_FOR_DEPLOYMENT_SCENARIO,77.22517854730444,False,True,0.0,47.77482145269556,True,UNKNOWN,OUTSIDE_WINDOW_OR_UNCONSTRAINED,Lee D is ambient; partition/activation/poly are analogue/ASSUMED; trigger arrival is operational ASSUMED_FOR_DEPLOYMENT_SCENARIO; front dispersion ASSUMED_FOR_SENSITIVITY ±5/10/15 min.,False,False,False
300.0,stokes_einstein,stokes_einstein,1.0,150.0,2.0,0.22517854730444217,10.0,15.0,27.22517854730444,55.0,ASSUMED_FOR_DEPLOYMENT_SCENARIO,82.22517854730444,False,True,0.0,47.77482145269556,True,UNKNOWN,OUTSIDE_WINDOW_OR_UNCONSTRAINED,Lee D is ambient; partition/activation/poly are analogue/ASSUMED; trigger arrival is operational ASSUMED_FOR_DEPLOYMENT_SCENARIO; front dispersion ASSUMED_FOR_SENSITIVITY ±5/10/15 min.,False,False,False
300.0,stokes_einstein,stokes_einstein,1.0,150.0,2.0,0.22517854730444217,10.0,15.0,27.22517854730444,60.0,ASSUMED_FOR_DEPLOYMENT_SCENARIO,87.22517854730444,False,True,0.0,47.77482145269556,True,UNKNOWN,OUTSIDE_WINDOW_OR_UNCONSTRAINED,Lee D is ambient; partition/activation/poly are analogue/ASSUMED; trigger arrival is operational ASSUMED_FOR_DEPLOYMENT_SCENARIO; front dispersion ASSUMED_FOR_SENSITIVITY ±5/10/15 min.,False,False,False
400.0,stokes_einstein,stokes_einstein,1.0,150.0,2.0,0.40031741743011945,10.0,15.0,27.40031741743012,0.0,ASSUMED_FOR_DEPLOYMENT_SCENARIO,27.40031741743012,True,True,0.0,47.59968258256988,True,UNKNOWN,PLAUSIBLE_WITH_EXTRAPOLATED_D,Lee D is ambient; partition/activation/poly are analogue/ASSUMED; trigger arrival is operational ASSUMED_FOR_DEPLOYMENT_SCENARIO; front dispersion ASSUMED_FOR_SENSITIVITY ±5/10/15 min.,False,False,False
400.0,stokes_einstein,stokes_einstein,1.0,150.0,2.0,0.40031741743011945,10.0,15.0,27.40031741743012,5.0,ASSUMED_FOR_DEPLOYMENT_SCENARIO,32.40031741743012,True,True,0.0,47.59968258256988,True,UNKNOWN,PLAUSIBLE_WITH_EXTRAPOLATED_D,Lee D is ambient; partition/activation/poly are analogue/ASSUMED; trigger arrival is operational ASSUMED_FOR_DEPLOYMENT_SCENARIO; front dispersion ASSUMED_FOR_SENSITIVITY ±5/10/15 min.,True,False,False
400.0,stokes_einstein,stokes_einstein,1.0,150.0,2.0,0.40031741743011945,10.0,15.0,27.40031741743012,10.0,ASSUMED_FOR_DEPLOYMENT_SCENARIO,37.40031741743012,True,True,0.0,47.59968258256988,True,UNKNOWN,PLAUSIBLE_WITH_EXTRAPOLATED_D,Lee D is ambient; partition/activation/poly are analogue/ASSUMED; trigger arrival is operational ASSUMED_FOR_DEPLOYMENT_SCENARIO; front dispersion ASSUMED_FOR_SENSITIVITY ±5/10/15 min.,True,True,False
400.0,stokes_einstein,stokes_einstein,1.0,150.0,2.0,0.40031741743011945,10.0,15.0,27.40031741743012,15.0,ASSUMED_FOR_DEPLOYMENT_SCENARIO,42.40031741743012,True,True,0.0,47.59968258256988,True,UNKNOWN,PLAUSIBLE_WITH_EXTRAPOLATED_D,Lee D is ambient; partition/activation/poly are analogue/ASSUMED; trigger arrival is operational ASSUMED_FOR_DEPLOYMENT_SCENARIO; front dispersion ASSUMED_FOR_SENSITIVITY ±5/10/15 min.,True,True,True
400.0,stokes_einstein,stokes_einstein,1.0,150.0,2.0,0.40031741743011945,10.0,15.0,27.40031741743012,20.0,ASSUMED_FOR_DEPLOYMENT_SCENARIO,47.40031741743012,True,True,0.0,47.59968258256988,True,UNKNOWN,PLAUSIBLE_WITH_EXTRAPOLATED_D,Lee D is ambient; partition/activation/poly are analogue/ASSUMED; trigger arrival is operational ASSUMED_FOR_DEPLOYMENT_SCENARIO; front dispersion ASSUMED_FOR_SENSITIVITY ±5/10/15 min.,True,True,True
400.0,stokes_einstein,stokes_einstein,1.0,150.0,2.0,0.40031741743011945,10.0,15.0,27.40031741743012,25.0,ASSUMED_FOR_DEPLOYMENT_SCENARIO,52.40031741743012,True,True,0.0,47.59968258256988,True,UNKNOWN,PLAUSIBLE_WITH_EXTRAPOLATED_D,Lee D is ambient; partition/activation/poly are analogue/ASSUMED; trigger arrival is operational ASSUMED_FOR_DEPLOYMENT_SCENARIO; front dispersion ASSUMED_FOR_SENSITIVITY ±5/10/15 min.,True,True,True
400.0,stokes_einstein,stokes_einstein,1.0,150.0,2.0,0.40031741743011945,10.0,15.0,27.40031741743012,30.0,ASSUMED_FOR_DEPLOYMENT_SCENARIO,57.40031741743012,True,True,0.0,47.59968258256988,True,UNKNOWN,PLAUSIBLE_WITH_EXTRAPOLATED_D,Lee D is ambient; partition/activation/poly are analogue/ASSUMED; trigger arrival is operational ASSUMED_FOR_DEPLOYMENT_SCENARIO; front dispersion ASSUMED_FOR_SENSITIVITY ±5/10/15 min.,True,True,True
400.0,stokes_einstein,stokes_einstein,1.0,150.0,2.0,0.40031741743011945,10.0,15.0,27.40031741743012,35.0,ASSUMED_FOR_DEPLOYMENT_SCENARIO,62.40031741743012,True,True,0.0,47.59968258256988,True,UNKNOWN,PLAUSIBLE_WITH_EXTRAPOLATED_D,Lee D is ambient; partition/activation/poly are analogue/ASSUMED; trigger arrival is operational ASSUMED_FOR_DEPLOYMENT_SCENARIO; front dispersion ASSUMED_FOR_SENSITIVITY ±5/10/15 min.,True,True,False
400.0,stokes_einstein,stokes_einstein,1.0,150.0,2.0,0.40031741743011945,10.0,15.0,27.40031741743012,40.0,ASSUMED_FOR_DEPLOYMENT_SCENARIO,67.40031741743012,True,True,0.0,47.59968258256988,True,UNKNOWN,PLAUSIBLE_WITH_EXTRAPOLATED_D,Lee D is ambient; partition/activation/poly are analogue/ASSUMED; trigger arrival is operational ASSUMED_FOR_DEPLOYMENT_SCENARIO; front dispersion ASSUMED_FOR_SENSITIVITY ±5/10/15 min.,True,False,False
400.0,stokes_einstein,stokes_einstein,1.0,150.0,2.0,0.40031741743011945,10.0,15.0,27.40031741743012,45.0,ASSUMED_FOR_DEPLOYMENT_SCENARIO,72.40031741743012,True,True,0.0,47.59968258256988,True,UNKNOWN,PLAUSIBLE_WITH_EXTRAPOLATED_D,Lee D is ambient; partition/activation/poly are analogue/ASSUMED; trigger arrival is operational ASSUMED_FOR_DEPLOYMENT_SCENARIO; front dispersion ASSUMED_FOR_SENSITIVITY ±5/10/15 min.,False,False,False
400.0,stokes_einstein,stokes_einstein,1.0,150.0,2.0,0.40031741743011945,10.0,15.0,27.40031741743012,50.0,ASSUMED_FOR_DEPLOYMENT_SCENARIO,77.40031741743012,False,True,0.0,47.59968258256988,True,UNKNOWN,OUTSIDE_WINDOW_OR_UNCONSTRAINED,Lee D is ambient; partition/activation/poly are analogue/ASSUMED; trigger arrival is operational ASSUMED_FOR_DEPLOYMENT_SCENARIO; front dispersion ASSUMED_FOR_SENSITIVITY ±5/10/15 min.,False,False,False
400.0,stokes_einstein,stokes_einstein,1.0,150.0,2.0,0.40031741743011945,10.0,15.0,27.40031741743012,55.0,ASSUMED_FOR_DEPLOYMENT_SCENARIO,82.40031741743012,False,True,0.0,47.59968258256988,True,UNKNOWN,OUTSIDE_WINDOW_OR_UNCONSTRAINED,Lee D is ambient; partition/activation/poly are analogue/ASSUMED; trigger arrival is operational ASSUMED_FOR_DEPLOYMENT_SCENARIO; front dispersion ASSUMED_FOR_SENSITIVITY ±5/10/15 min.,False,False,False
400.0,stokes_einstein,stokes_einstein,1.0,150.0,2.0,0.40031741743011945,10.0,15.0,27.40031741743012,60.0,ASSUMED_FOR_DEPLOYMENT_SCENARIO,87.40031741743012,False,True,0.0,47.59968258256988,True,UNKNOWN,OUTSIDE_WINDOW_OR_UNCONSTRAINED,Lee D is ambient; partition/activation/poly are analogue/ASSUMED; trigger arrival is operational ASSUMED_FOR_DEPLOYMENT_SCENARIO; front dispersion ASSUMED_FOR_SENSITIVITY ±5/10/15 min.,False,False,False
500.0,stokes_einstein,stokes_einstein,1.0,150.0,2.0,0.6254959647345616,10.0,15.0,27.62549596473456,0.0,ASSUMED_FOR_DEPLOYMENT_SCENARIO,27.62549596473456,True,True,0.0,47.37450403526544,True,UNKNOWN,PLAUSIBLE_WITH_EXTRAPOLATED_D,Lee D is ambient; partition/activation/poly are analogue/ASSUMED; trigger arrival is operational ASSUMED_FOR_DEPLOYMENT_SCENARIO; front dispersion ASSUMED_FOR_SENSITIVITY ±5/10/15 min.,False,False,False
500.0,stokes_einstein,stokes_einstein,1.0,150.0,2.0,0.6254959647345616,10.0,15.0,27.62549596473456,5.0,ASSUMED_FOR_DEPLOYMENT_SCENARIO,32.62549596473456,True,True,0.0,47.37450403526544,True,UNKNOWN,PLAUSIBLE_WITH_EXTRAPOLATED_D,Lee D is ambient; partition/activation/poly are analogue/ASSUMED; trigger arrival is operational ASSUMED_FOR_DEPLOYMENT_SCENARIO; front dispersion ASSUMED_FOR_SENSITIVITY ±5/10/15 min.,True,False,False
500.0,stokes_einstein,stokes_einstein,1.0,150.0,2.0,0.6254959647345616,10.0,15.0,27.62549596473456,10.0,ASSUMED_FOR_DEPLOYMENT_SCENARIO,37.62549596473456,True,True,0.0,47.37450403526544,True,UNKNOWN,PLAUSIBLE_WITH_EXTRAPOLATED_D,Lee D is ambient; partition/activation/poly are analogue/ASSUMED; trigger arrival is operational ASSUMED_FOR_DEPLOYMENT_SCENARIO; front dispersion ASSUMED_FOR_SENSITIVITY ±5/10/15 min.,True,True,False
500.0,stokes_einstein,stokes_einstein,1.0,150.0,2.0,0.6254959647345616,10.0,15.0,27.62549596473456,15.0,ASSUMED_FOR_DEPLOYMENT_SCENARIO,42.62549596473456,True,True,0.0,47.37450403526544,True,UNKNOWN,PLAUSIBLE_WITH_EXTRAPOLATED_D,Lee D is ambient; partition/activation/poly are analogue/ASSUMED; trigger arrival is operational ASSUMED_FOR_DEPLOYMENT_SCENARIO; front dispersion ASSUMED_FOR_SENSITIVITY ±5/10/15 min.,True,True,True
500.0,stokes_einstein,stokes_einstein,1.0,150.0,2.0,0.6254959647345616,10.0,15.0,27.62549596473456,20.0,ASSUMED_FOR_DEPLOYMENT_SCENARIO,47.62549596473456,True,True,0.0,47.37450403526544,True,UNKNOWN,PLAUSIBLE_WITH_EXTRAPOLATED_D,Lee D is ambient; partition/activation/poly are analogue/ASSUMED; trigger arrival is operational ASSUMED_FOR_DEPLOYMENT_SCENARIO; front dispersion ASSUMED_FOR_SENSITIVITY ±5/10/15 min.,True,True,True
500.0,stokes_einstein,stokes_einstein,1.0,150.0,2.0,0.6254959647345616,10.0,15.0,27.62549596473456,25.0,ASSUMED_FOR_DEPLOYMENT_SCENARIO,52.62549596473456,True,True,0.0,47.37450403526544,True,UNKNOWN,PLAUSIBLE_WITH_EXTRAPOLATED_D,Lee D is ambient; partition/activation/poly are analogue/ASSUMED; trigger arrival is operational ASSUMED_FOR_DEPLOYMENT_SCENARIO; front dispersion ASSUMED_FOR_SENSITIVITY ±5/10/15 min.,True,True,True
500.0,stokes_einstein,stokes_einstein,1.0,150.0,2.0,0.6254959647345616,10.0,15.0,27.62549596473456,30.0,ASSUMED_FOR_DEPLOYMENT_SCENARIO,57.62549596473456,True,True,0.0,47.37450403526544,True,UNKNOWN,PLAUSIBLE_WITH_EXTRAPOLATED_D,Lee D is ambient; partition/activation/poly are analogue/ASSUMED; trigger arrival is operational ASSUMED_FOR_DEPLOYMENT_SCENARIO; front dispersion ASSUMED_FOR_SENSITIVITY ±5/10/15 min.,True,True,True
500.0,stokes_einstein,stokes_einstein,1.0,150.0,2.0,0.6254959647345616,10.0,15.0,27.62549596473456,35.0,ASSUMED_FOR_DEPLOYMENT_SCENARIO,62.62549596473456,True,True,0.0,47.37450403526544,True,UNKNOWN,PLAUSIBLE_WITH_EXTRAPOLATED_D,Lee D is ambient; partition/activation/poly are analogue/ASSUMED; trigger arrival is operational ASSUMED_FOR_DEPLOYMENT_SCENARIO; front dispersion ASSUMED_FOR_SENSITIVITY ±5/10/15 min.,True,True,False
500.0,stokes_einstein,stokes_einstein,1.0,150.0,2.0,0.6254959647345616,10.0,15.0,27.62549596473456,40.0,ASSUMED_FOR_DEPLOYMENT_SCENARIO,67.62549596473455,True,True,0.0,47.37450403526544,True,UNKNOWN,PLAUSIBLE_WITH_EXTRAPOLATED_D,Lee D is ambient; partition/activation/poly are analogue/ASSUMED; trigger arrival is operational ASSUMED_FOR_DEPLOYMENT_SCENARIO; front dispersion ASSUMED_FOR_SENSITIVITY ±5/10/15 min.,True,False,False
500.0,stokes_einstein,stokes_einstein,1.0,150.0,2.0,0.6254959647345616,10.0,15.0,27.62549596473456,45.0,ASSUMED_FOR_DEPLOYMENT_SCENARIO,72.62549596473455,True,True,0.0,47.37450403526544,True,UNKNOWN,PLAUSIBLE_WITH_EXTRAPOLATED_D,Lee D is ambient; partition/activation/poly are analogue/ASSUMED; trigger arrival is operational ASSUMED_FOR_DEPLOYMENT_SCENARIO; front dispersion ASSUMED_FOR_SENSITIVITY ±5/10/15 min.,False,False,False
500.0,stokes_einstein,stokes_einstein,1.0,150.0,2.0,0.6254959647345616,10.0,15.0,27.62549596473456,50.0,ASSUMED_FOR_DEPLOYMENT_SCENARIO,77.62549596473455,False,True,0.0,47.37450403526544,True,UNKNOWN,OUTSIDE_WINDOW_OR_UNCONSTRAINED,Lee D is ambient; partition/activation/poly are analogue/ASSUMED; trigger arrival is operational ASSUMED_FOR_DEPLOYMENT_SCENARIO; front dispersion ASSUMED_FOR_SENSITIVITY ±5/10/15 min.,False,False,False
500.0,stokes_einstein,stokes_einstein,1.0,150.0,2.0,0.6254959647345616,10.0,15.0,27.62549596473456,55.0,ASSUMED_FOR_DEPLOYMENT_SCENARIO,82.62549596473455,False,True,0.0,47.37450403526544,True,UNKNOWN,OUTSIDE_WINDOW_OR_UNCONSTRAINED,Lee D is ambient; partition/activation/poly are analogue/ASSUMED; trigger arrival is operational ASSUMED_FOR_DEPLOYMENT_SCENARIO; front dispersion ASSUMED_FOR_SENSITIVITY ±5/10/15 min.,False,False,False
500.0,stokes_einstein,stokes_einstein,1.0,150.0,2.0,0.6254959647345616,10.0,15.0,27.62549596473456,60.0,ASSUMED_FOR_DEPLOYMENT_SCENARIO,87.62549596473455,False,True,0.0,47.37450403526544,True,UNKNOWN,OUTSIDE_WINDOW_OR_UNCONSTRAINED,Lee D is ambient; partition/activation/poly are analogue/ASSUMED; trigger arrival is operational ASSUMED_FOR_DEPLOYMENT_SCENARIO; front dispersion ASSUMED_FOR_SENSITIVITY ±5/10/15 min.,False,False,False
600.0,stokes_einstein,stokes_einstein,1.0,150.0,2.0,0.9007141892177687,10.0,15.0,27.900714189217766,0.0,ASSUMED_FOR_DEPLOYMENT_SCENARIO,27.900714189217766,True,True,0.0,47.099285810782234,True,UNKNOWN,PLAUSIBLE_WITH_EXTRAPOLATED_D,Lee D is ambient; partition/activation/poly are analogue/ASSUMED; trigger arrival is operational ASSUMED_FOR_DEPLOYMENT_SCENARIO; front dispersion ASSUMED_FOR_SENSITIVITY ±5/10/15 min.,False,False,False
600.0,stokes_einstein,stokes_einstein,1.0,150.0,2.0,0.9007141892177687,10.0,15.0,27.900714189217766,5.0,ASSUMED_FOR_DEPLOYMENT_SCENARIO,32.900714189217766,True,True,0.0,47.099285810782234,True,UNKNOWN,PLAUSIBLE_WITH_EXTRAPOLATED_D,Lee D is ambient; partition/activation/poly are analogue/ASSUMED; trigger arrival is operational ASSUMED_FOR_DEPLOYMENT_SCENARIO; front dispersion ASSUMED_FOR_SENSITIVITY ±5/10/15 min.,True,False,False
600.0,stokes_einstein,stokes_einstein,1.0,150.0,2.0,0.9007141892177687,10.0,15.0,27.900714189217766,10.0,ASSUMED_FOR_DEPLOYMENT_SCENARIO,37.900714189217766,True,True,0.0,47.099285810782234,True,UNKNOWN,PLAUSIBLE_WITH_EXTRAPOLATED_D,Lee D is ambient; partition/activation/poly are analogue/ASSUMED; trigger arrival is operational ASSUMED_FOR_DEPLOYMENT_SCENARIO; front dispersion ASSUMED_FOR_SENSITIVITY ±5/10/15 min.,True,True,False
600.0,stokes_einstein,stokes_einstein,1.0,150.0,2.0,0.9007141892177687,10.0,15.0,27.900714189217766,15.0,ASSUMED_FOR_DEPLOYMENT_SCENARIO,42.900714189217766,True,True,0.0,47.099285810782234,True,UNKNOWN,PLAUSIBLE_WITH_EXTRAPOLATED_D,Lee D is ambient; partition/activation/poly are analogue/ASSUMED; trigger arrival is operational ASSUMED_FOR_DEPLOYMENT_SCENARIO; front dispersion ASSUMED_FOR_SENSITIVITY ±5/10/15 min.,True,True,True
600.0,stokes_einstein,stokes_einstein,1.0,150.0,2.0,0.9007141892177687,10.0,15.0,27.900714189217766,20.0,ASSUMED_FOR_DEPLOYMENT_SCENARIO,47.900714189217766,True,True,0.0,47.099285810782234,True,UNKNOWN,PLAUSIBLE_WITH_EXTRAPOLATED_D,Lee D is ambient; partition/activation/poly are analogue/ASSUMED; trigger arrival is operational ASSUMED_FOR_DEPLOYMENT_SCENARIO; front dispersion ASSUMED_FOR_SENSITIVITY ±5/10/15 min.,True,True,True
600.0,stokes_einstein,stokes_einstein,1.0,150.0,2.0,0.9007141892177687,10.0,15.0,27.900714189217766,25.0,ASSUMED_FOR_DEPLOYMENT_SCENARIO,52.900714189217766,True,True,0.0,47.099285810782234,True,UNKNOWN,PLAUSIBLE_WITH_EXTRAPOLATED_D,Lee D is ambient; partition/activation/poly are analogue/ASSUMED; trigger arrival is operational ASSUMED_FOR_DEPLOYMENT_SCENARIO; front dispersion ASSUMED_FOR_SENSITIVITY ±5/10/15 min.,True,True,True
600.0,stokes_einstein,stokes_einstein,1.0,150.0,2.0,0.9007141892177687,10.0,15.0,27.900714189217766,30.0,ASSUMED_FOR_DEPLOYMENT_SCENARIO,57.900714189217766,True,True,0.0,47.099285810782234,True,UNKNOWN,PLAUSIBLE_WITH_EXTRAPOLATED_D,Lee D is ambient; partition/activation/poly are analogue/ASSUMED; trigger arrival is operational ASSUMED_FOR_DEPLOYMENT_SCENARIO; front dispersion ASSUMED_FOR_SENSITIVITY ±5/10/15 min.,True,True,True
600.0,stokes_einstein,stokes_einstein,1.0,150.0,2.0,0.9007141892177687,10.0,15.0,27.900714189217766,35.0,ASSUMED_FOR_DEPLOYMENT_SCENARIO,62.900714189217766,True,True,0.0,47.099285810782234,True,UNKNOWN,PLAUSIBLE_WITH_EXTRAPOLATED_D,Lee D is ambient; partition/activation/poly are analogue/ASSUMED; trigger arrival is operational ASSUMED_FOR_DEPLOYMENT_SCENARIO; front dispersion ASSUMED_FOR_SENSITIVITY ±5/10/15 min.,True,True,False
600.0,stokes_einstein,stokes_einstein,1.0,150.0,2.0,0.9007141892177687,10.0,15.0,27.900714189217766,40.0,ASSUMED_FOR_DEPLOYMENT_SCENARIO,67.90071418921777,True,True,0.0,47.099285810782234,True,UNKNOWN,PLAUSIBLE_WITH_EXTRAPOLATED_D,Lee D is ambient; partition/activation/poly are analogue/ASSUMED; trigger arrival is operational ASSUMED_FOR_DEPLOYMENT_SCENARIO; front dispersion ASSUMED_FOR_SENSITIVITY ±5/10/15 min.,True,False,False
600.0,stokes_einstein,stokes_einstein,1.0,150.0,2.0,0.9007141892177687,10.0,15.0,27.900714189217766,45.0,ASSUMED_FOR_DEPLOYMENT_SCENARIO,72.90071418921777,True,True,0.0,47.099285810782234,True,UNKNOWN,PLAUSIBLE_WITH_EXTRAPOLATED_D,Lee D is ambient; partition/activation/poly are analogue/ASSUMED; trigger arrival is operational ASSUMED_FOR_DEPLOYMENT_SCENARIO; front dispersion ASSUMED_FOR_SENSITIVITY ±5/10/15 min.,False,False,False
600.0,stokes_einstein,stokes_einstein,1.0,150.0,2.0,0.9007141892177687,10.0,15.0,27.900714189217766,50.0,ASSUMED_FOR_DEPLOYMENT_SCENARIO,77.90071418921777,False,True,0.0,47.099285810782234,True,UNKNOWN,OUTSIDE_WINDOW_OR_UNCONSTRAINED,Lee D is ambient; partition/activation/poly are analogue/ASSUMED; trigger arrival is operational ASSUMED_FOR_DEPLOYMENT_SCENARIO; front dispersion ASSUMED_FOR_SENSITIVITY ±5/10/15 min.,False,False,False
600.0,stokes_einstein,stokes_einstein,1.0,150.0,2.0,0.9007141892177687,10.0,15.0,27.900714189217766,55.0,ASSUMED_FOR_DEPLOYMENT_SCENARIO,82.90071418921777,False,True,0.0,47.099285810782234,True,UNKNOWN,OUTSIDE_WINDOW_OR_UNCONSTRAINED,Lee D is ambient; partition/activation/poly are analogue/ASSUMED; trigger arrival is operational ASSUMED_FOR_DEPLOYMENT_SCENARIO; front dispersion ASSUMED_FOR_SENSITIVITY ±5/10/15 min.,False,False,False
600.0,stokes_einstein,stokes_einstein,1.0,150.0,2.0,0.9007141892177687,10.0,15.0,27.900714189217766,60.0,ASSUMED_FOR_DEPLOYMENT_SCENARIO,87.90071418921777,False,True,0.0,47.099285810782234,True,UNKNOWN,OUTSIDE_WINDOW_OR_UNCONSTRAINED,Lee D is ambient; partition/activation/poly are analogue/ASSUMED; trigger arrival is operational ASSUMED_FOR_DEPLOYMENT_SCENARIO; front dispersion ASSUMED_FOR_SENSITIVITY ±5/10/15 min.,False,False,False
